PATRON PRINCIPAL,CATEGORIA PRINCIPAL,CATEGORIA SECUNDARIA,Ejercicio,Ejercicio 2,Posicion,Esfuerzo,Nivel,Código Numérico,Dificultad Relativa,Ruta,Movilidad Relacionada A
PULL,CORE ANTERIOR,CORE ANTERIOR,BOAT TUCK,BOAT,TUCK,ISO.,alfa,1,1,FL,
PULL,CORE ANTERIOR,CORE ANTERIOR,BOAT TUCK,BOAT,TUCK,CON.,alfa,1,1,FL,
PULL,CORE ANTERIOR,PULL HORIZONTAL (BENT ARM),DF  TUCK,DF ,TUCK,ISO.,alfa,1,1,FL,
PULL,CORE ANTERIOR,PULL HORIZONTAL (BENT ARM),DF  INV,DF ,INV,ISO.,alfa,1,1,FL,
PULL,CORE ANTERIOR,CORE ANTERIOR,BOAT STR,BOAT,STR,ISO.,alfa,1,2,FL,
PULL,PULL VERTICAL,PULL VERTICAL (STRAIGHT ARM),HANG PASIVO VERTICAL,HANG PASIVO,VERTICAL,ISO.,alfa,1,2,FL,
PULL,CORE ANTERIOR,CORE ANTERIOR,BOAT STR,BOAT,STR,CON.,alfa,1,2,FL,
PULL,CORE ANTERIOR,CORE ANTERIOR,BOAT TO INV TUCK,BOAT TO INV,TUCK,CON.,alfa,1,2,FL,
PULL,PULL HORIZONTAL,PULL HORIZONTAL (BENT ARM),DF TO INV. PIKE,DF TO INV.,PIKE,EXC.,alfa,1,2,FL,
PULL,PULL HORIZONTAL,PULL HORIZONTAL (BENT ARM),DF  TUCK,DF ,TUCK,EXC.,alfa,1,2,FL,
PULL,PULL HORIZONTAL,PULL HORIZONTAL (BENT ARM),DF  ADV TUCK,DF ,ADV TUCK,ISO.,alfa,1,2,FL,
PULL,PULL HORIZONTAL,PULL HORIZONTAL (STRAIGHT ARM),DF SA TUCK,DF SA,TUCK,ISO.,alfa,1,2,FL,
PULL,PULL VERTICAL,PULL HORIZONTAL (STRAIGHT ARM),SCAPULA RETRAC. VERTICAL,SCAPULA RETRAC.,VERTICAL,CON.,alfa,1,3,FL,
PULL,PULL HORIZONTAL,PULL HORIZONTAL (BENT ARM),ICM BOX ASSISTED HORIZONTAL,ICM BOX ASSISTED,HORIZONTAL,EXC.,alfa,1,3,FL,
PULL,PULL VERTICAL,PULL VERTICAL (STRAIGHT ARM),HANG ACTIVO VERTICAL,HANG ACTIVO,VERTICAL,ISO.,alfa,1,3,FL,
PULL,PULL HORIZONTAL,PULL HORIZONTAL (BENT ARM),DF TO INV. PIKE,DF TO INV.,PIKE,CON.,alfa,1,3,FL,
PULL,CORE ANTERIOR,CORE ANTERIOR,BOAT FULL,BOAT,FULL,ISO.,alfa,1,3,FL,
PULL,CORE ANTERIOR,CORE ANTERIOR,BOAT FULL,BOAT,FULL,CON.,alfa,1,3,FL,
PULL,CORE ANTERIOR,CORE ANTERIOR,BOAT TO INV. FULL,BOAT TO INV.,FULL,CON.,alfa,1,3,FL,
PULL,PULL HORIZONTAL,PULL HORIZONTAL (STRAIGHT ARM),DF SA TUCK,DF SA,TUCK,EXC.,alfa,1,3,FL,
PULL,PULL HORIZONTAL,PULL HORIZONTAL (STRAIGHT ARM),DF SA ADV TUCK,DF SA,ADV TUCK,ISO.,alfa,1,3,FL,
PULL,PULL HORIZONTAL,PULL HORIZONTAL (BENT ARM),DF  TUCK,DF ,TUCK,CON.,alfa,1,3,FL,
PULL,PULL HORIZONTAL,PULL HORIZONTAL (BENT ARM),DF  ADV TUCK,DF ,ADV TUCK,EXC.,alfa,1,3,FL,
PULL,PULL HORIZONTAL,PULL HORIZONTAL (BENT ARM),DF  STR,DF ,STR,ISO.,alfa,1,3,FL,
PULL,CORE ANTERIOR,CORE ANTERIOR,BOAT FULL,BOAT,FULL,CON.,alfa,1,3,FL,
PULL,PULL HORIZONTAL,PULL HORIZONTAL (BENT ARM),ICM BOX ASSISTED HORIZONTAL,ICM BOX ASSISTED,HORIZONTAL,CON.,alfa,1,3,FL,
PULL,PULL HORIZONTAL,PULL HORIZONTAL (STRAIGHT ARM),DP TUCK,DP,TUCK,ISO.,delta,2,1,FL,
PULL,PULL VERTICAL,PULL VERTICAL (STRAIGHT ARM),SCAPULA RETRAC. TO 90 VERTICAL,SCAPULA RETRAC. TO 90,VERTICAL,CON.,delta,2,1,FL,
PULL,PULL HORIZONTAL,PULL HORIZONTAL (STRAIGHT ARM),DF SA TUCK,DF SA,TUCK,CON.,delta,2,1,FL,
PULL,PULL HORIZONTAL,PULL HORIZONTAL (STRAIGHT ARM),DF SA ADV TUCK,DF SA,ADV TUCK,EXC.,delta,2,1,FL,
PULL,PULL HORIZONTAL,PULL HORIZONTAL (BENT ARM),DF  ADV TUCK,DF ,ADV TUCK,CON.,delta,2,1,FL,
PULL,PULL HORIZONTAL,PULL HORIZONTAL (BENT ARM),DF  O.L,DF ,O.L,ISO.,delta,2,1,FL,
PULL,PULL HORIZONTAL,PULL HORIZONTAL (BENT ARM),ICM TUCK,ICM,TUCK,CON.,delta,2,1,FL,
PULL,PULL HORIZONTAL,PULL HORIZONTAL (STRAIGHT ARM),FL  TUCK,FL ,TUCK,ISO.,delta,2,1,FL,
PULL,PULL HORIZONTAL ,PULL HORIZONTAL (STRAIGHT ARM),FL PRESS  TUCK,FL PRESS ,TUCK,EXC.,delta,2,1,FL,
PULL,PULL HORIZONTAL,PULL HORIZONTAL (BENT ARM),DF STR,DF,STR,EXC.,delta,2,1,FL,
PULL,PULL HORIZONTAL,PULL HORIZONTAL (BENT ARM),DF SA STR,DF SA,STR,ISO.,delta,2,1,FL,
PULL,PULL HORIZONTAL,PULL HORIZONTAL (BENT ARM),DF  FULL,DF ,FULL,ISO.,delta,2,1,FL,
PULL,PULL HORIZONTAL,PULL HORIZONTAL (STRAIGHT ARM),ELBOW VICTORIAN  TUCK,ELBOW VICTORIAN ,TUCK,ISO.,delta,2,1,FL,
PULL,PULL HORIZONTAL,PULL HORIZONTAL (STRAIGHT ARM),DP  TUCK,DP ,TUCK,EXC.,delta,2,2,FL,
PULL,PULL HORIZONTAL,PULL HORIZONTAL (BENT ARM),YEWKIES  TUCK,YEWKIES ,TUCK,CON.,delta,2,2,FL,
PULL,PULL HORIZONTAL,PULL HORIZONTAL (STRAIGHT ARM),INV BAR ADV TUCK,INV BAR,ADV TUCK,ISO.,delta,2,2,FL,
PULL,PULL HORIZONTAL,PULL HORIZONTAL (BENT ARM),ICM  ADV TUCK,ICM ,ADV TUCK,CON.,delta,2,2,FL,
PULL,PULL HORIZONTAL ,PULL HORIZONTAL (STRAIGHT ARM),FL PRESS TUCK,FL PRESS,TUCK,CON.,delta,2,2,FL,
PULL,PULL HORIZONTAL ,PULL HORIZONTAL (STRAIGHT ARM),FL PRESS TO 90 TUCK,FL PRESS TO 90,TUCK,CON.,delta,2,2,FL,
PULL,PULL HORIZONTAL ,PULL HORIZONTAL (STRAIGHT ARM),FL PRESS 90 TO INV. TUCK,FL PRESS 90 TO INV.,TUCK,CON.,delta,2,2,FL,
PULL,PULL HORIZONTAL,PULL HORIZONTAL (STRAIGHT ARM),FL  ADV TUCK,FL ,ADV TUCK,ISO.,delta,2,2,FL,
PULL,PULL HORIZONTAL,PULL HORIZONTAL (STRAIGHT ARM),FL PRESS ADV TUCK,FL PRESS,ADV TUCK,EXC.,delta,2,2,FL,
PULL,PULL HORIZONTAL,PULL HORIZONTAL (STRAIGHT ARM),DF SA ADV TUCK,DF SA,ADV TUCK,CON.,delta,2,2,FL,
PULL,PULL HORIZONTAL,PULL HORIZONTAL (STRAIGHT ARM),DF SA HALF LAYOUT,DF SA,HALF LAYOUT,ISO.,delta,2,2,FL,
PULL,PULL HORIZONTAL,PULL HORIZONTAL (STRAIGHT ARM),DF SA STR,DF SA,STR,EXC.,delta,2,2,FL,
PULL,PULL HORIZONTAL,PULL HORIZONTAL (BENT ARM),DF STR,DF,STR,CON.,delta,2,2,FL,
PULL,PULL HORIZONTAL,PULL HORIZONTAL (BENT ARM),DF O.L,DF,O.L,CON.,delta,2,2,FL,
PULL,PULL HORIZONTAL,PULL HORIZONTAL (BENT ARM),DF FULL,DF,FULL,EXC.,delta,2,2,FL,
PULL,PULL HORIZONTAL,PULL HORIZONTAL (STRAIGHT ARM),ELBOW VICTORIAN  TUCK,ELBOW VICTORIAN ,TUCK,CON.,delta,2,2,FL,
PULL,PULL HORIZONTAL ,PULL HORIZONTAL (STRAIGHT ARM),FL  SUPER ADV ,FL ,SUPER ADV ,ISO.,delta,2,3,FL,
PULL,PULL HORIZONTAL,PULL HORIZONTAL (BENT ARM),YEWKIES ADV TUCK,YEWKIES,ADV TUCK,CON.,delta,2,3,FL,
PULL,PULL HORIZONTAL,PULL HORIZONTAL (STRAIGHT ARM),INV BAR STR,INV BAR,STR,ISO.,delta,2,3,FL,
PULL,PULL HORIZONTAL,PULL HORIZONTAL (BENT ARM),ICM STR,ICM,STR,CON.,delta,2,3,FL,
PULL,PULL HORIZONTAL,PULL HORIZONTAL (STRAIGHT ARM),FL PRESS ADV TUCK,FL PRESS,ADV TUCK,CON.,delta,2,3,FL,
PULL,PULL HORIZONTAL,PULL HORIZONTAL (STRAIGHT ARM),FL PRESS 90 TO INV. ADV TUCK,FL PRESS 90 TO INV.,ADV TUCK,CON.,delta,2,3,FL,
PULL,PULL HORIZONTAL,PULL HORIZONTAL (STRAIGHT ARM),FL PRESS TO 90 ADV TUCK,FL PRESS TO 90,ADV TUCK,CON.,delta,2,3,FL,
PULL,PULL HORIZONTAL,PULL HORIZONTAL (STRAIGHT ARM),ELBOW VICTORIAN TUCK,ELBOW VICTORIAN,TUCK,CON.,delta,2,3,FL,
PULL,PULL HORIZONTAL,PULL HORIZONTAL (STRAIGHT ARM),FL PRESS SUPER ADV,FL PRESS,SUPER ADV,EXC.,delta,2,3,FL,
PULL,PULL HORIZONTAL,PULL HORIZONTAL (STRAIGHT ARM),DP  TUCK,DP ,TUCK,CON.,delta,2,3,FL,
PULL,PULL HORIZONTAL,PULL HORIZONTAL (STRAIGHT ARM),DF SA FULL,DF SA,FULL,ISO.,delta,2,3,FL,
PULL,PULL HORIZONTAL,PULL HORIZONTAL (STRAIGHT ARM),DF SA HALF LAYOUT,DF SA,HALF LAYOUT,EXC.,delta,2,3,FL,
PULL,PULL HORIZONTAL,PULL HORIZONTAL (STRAIGHT ARM),DF SA STR,DF SA,STR,CON.,delta,2,3,FL,
PULL,PULL HORIZONTAL,PULL HORIZONTAL (STRAIGHT ARM),DF FULL,DF,FULL,CON.,delta,2,3,FL,
PULL,PULL HORIZONTAL,PULL HORIZONTAL (STRAIGHT ARM),INV BAR INV,INV BAR,INV,ISO.,delta,2,3,FL,
PULL,PULL HORIZONTAL,PULL HORIZONTAL (BENT ARM),YEWKIES SUPER ADV,YEWKIES,SUPER ADV,CON.,delta,2,3,FL,
PULL,PULL HORIZONTAL,PULL HORIZONTAL (STRAIGHT ARM),DF SA FULL,DF SA,FULL,EXC.,sigma,3,1,FL,
PULL,PULL HORIZONTAL,PULL HORIZONTAL (STRAIGHT ARM),DF SA HALF LAYOUT,DF SA,HALF LAYOUT,CON.,sigma,3,1,FL,
PULL,PULL HORIZONTAL,PULL HORIZONTAL (STRAIGHT ARM),DP SUPER ADV,DP,SUPER ADV,ISO.,sigma,3,1,FL,
PULL,PULL HORIZONTAL,PULL HORIZONTAL (STRAIGHT ARM),INV DEADLIFT STR,INV DEADLIFT,STR,CON.,sigma,3,1,FL,
PULL,PULL HORIZONTAL,PULL HORIZONTAL (STRAIGHT ARM),ELBOW VICTORIAN TUCK,ELBOW VICTORIAN,TUCK,ISO.,sigma,3,1,FL,
PULL,PULL HORIZONTAL,PULL HORIZONTAL (STRAIGHT ARM),ELBOW VICTORIAN ADV TUCK,ELBOW VICTORIAN,ADV TUCK,CON.,sigma,3,1,FL,
PULL,PULL HORIZONTAL,PULL HORIZONTAL (STRAIGHT ARM),DP ADV TUCK,DP,ADV TUCK,CON.,sigma,3,1,FL,
PULL,PULL HORIZONTAL,PULL HORIZONTAL (BENT ARM),ICM FULL,ICM,FULL,CON.,sigma,3,1,FL,
PULL,PULL HORIZONTAL,PULL HORIZONTAL (STRAIGHT ARM),FL PRESS STRADDLE,FL PRESS,STRADDLE,EXC.,sigma,3,1,FL,
PULL,PULL HORIZONTAL,PULL HORIZONTAL (BENT ARM),YEWKIES STR,YEWKIES,STR,CON.,sigma,3,1,FL,
PULL,PULL HORIZONTAL,PULL HORIZONTAL (STRAIGHT ARM),FL PRESS SUPER ADV,FL PRESS,SUPER ADV,CON.,sigma,3,1,FL,
PULL,PULL HORIZONTAL ,PULL HORIZONTAL (STRAIGHT ARM),FL PRESS TO 90 SUPER ADV,FL PRESS TO 90,SUPER ADV,CON.,sigma,3,1,FL,
PULL,PULL HORIZONTAL ,PULL HORIZONTAL (STRAIGHT ARM),FL PRESS 90 TO INV. SUPER ADV,FL PRESS 90 TO INV.,SUPER ADV,CON.,sigma,3,1,FL,
PULL,PULL HORIZONTAL ,PULL HORIZONTAL (STRAIGHT ARM),FL  STR,FL ,STR,ISO.,sigma,3,1,FL,
PULL,PULL HORIZONTAL,PULL HORIZONTAL (STRAIGHT ARM),DF SA FULL,DF SA,FULL,CON.,sigma,3,2,FL,
PULL,PULL HORIZONTAL,PULL HORIZONTAL (STRAIGHT ARM),ELBOW VICTORIAN  ADV TUCK,ELBOW VICTORIAN ,ADV TUCK,ISO.,sigma,3,2,FL,
PULL,PULL HORIZONTAL,PULL HORIZONTAL (STRAIGHT ARM),ELBOW VICTORIAN  SUPER ADV,ELBOW VICTORIAN ,SUPER ADV,CON.,sigma,3,2,FL,
PULL,PULL HORIZONTAL,PULL HORIZONTAL (STRAIGHT ARM),DP SUPER ADV,DP,SUPER ADV,EXC.,sigma,3,2,FL,
PULL,PULL HORIZONTAL,PULL HORIZONTAL (BENT ARM),YEWKIES FULL,YEWKIES,FULL,CON.,sigma,3,2,FL,
PULL,PULL HORIZONTAL,PULL HORIZONTAL (STRAIGHT ARM),FL PRESS  HALF LAYOUT,FL PRESS ,HALF LAYOUT,EXC.,sigma,3,2,FL,
PULL,PULL HORIZONTAL,PULL HORIZONTAL (STRAIGHT ARM),FL HALF LAYOUT,FL,HALF LAYOUT,ISO.,sigma,3,2,FL,
PULL,PULL HORIZONTAL,PULL HORIZONTAL (STRAIGHT ARM),FL PRESS 90 TO INV STR,FL PRESS 90 TO INV,STR,CON.,sigma,3,2,FL,
PULL,PULL HORIZONTAL,PULL HORIZONTAL (STRAIGHT ARM),INV DEADLIFT FULL FULL,INV DEADLIFT FULL,FULL,CON.,sigma,3,2,FL,
PULL,PULL HORIZONTAL,PULL HORIZONTAL (STRAIGHT ARM),FL PRESS  STR,FL PRESS ,STR,CON.,sigma,3,2,FL,
PULL,PULL HORIZONTAL,PULL HORIZONTAL (STRAIGHT ARM),FL PRESS TO 90 STR,FL PRESS TO 90,STR,CON.,sigma,3,2,FL,
PULL,PULL HORIZONTAL,PULL HORIZONTAL (STRAIGHT ARM),FL PRESS 90 TO INV STR,FL PRESS 90 TO INV,STR,CON.,sigma,3,2,FL,
PULL,PULL HORIZONTAL,PULL HORIZONTAL (STRAIGHT ARM),DP  SUPER ADV,DP ,SUPER ADV,CON.,omega,4,1,FL,
PULL,PULL HORIZONTAL,PULL HORIZONTAL (STRAIGHT ARM),ELBOW VICTORIAN  SUPER ADV,ELBOW VICTORIAN ,SUPER ADV,ISO.,omega,4,1,FL,
PULL,PULL HORIZONTAL,PULL HORIZONTAL (STRAIGHT ARM),ELBOW VICTORIAN  STR,ELBOW VICTORIAN ,STR,CON.,omega,4,1,FL,
PULL,PULL HORIZONTAL,PULL HORIZONTAL (STRAIGHT ARM),FL PRESS  HALF LAYOUT,FL PRESS ,HALF LAYOUT,CON.,omega,4,1,FL,
PULL,PULL HORIZONTAL,PULL HORIZONTAL (STRAIGHT ARM),FL PRESS TO 90 HALF LAYOUT,FL PRESS TO 90,HALF LAYOUT,CON.,omega,4,1,FL,
PULL,PULL HORIZONTAL,PULL HORIZONTAL (STRAIGHT ARM),FL PRESS 90 TO INV HALF LAYOUT,FL PRESS 90 TO INV,HALF LAYOUT,CON.,omega,4,1,FL,
PULL,PULL HORIZONTAL,PULL HORIZONTAL (STRAIGHT ARM),FL  FULL,FL ,FULL,ISO.,omega,4,1,FL,
PULL,PULL HORIZONTAL,PULL HORIZONTAL (STRAIGHT ARM),FL PRESS  FULL,FL PRESS ,FULL,EXC.,omega,4,1,FL,
PULL,PULL HORIZONTAL,PULL HORIZONTAL (STRAIGHT ARM),DP  STR,DP ,STR,EXC.,omega,4,1,FL,
PULL,PULL HORIZONTAL,PULL HORIZONTAL (STRAIGHT ARM),ELBOW VICTORIAN  STR,ELBOW VICTORIAN ,STR,ISO.,omega,4,1,FL,
PULL,PULL HORIZONTAL,PULL HORIZONTAL (STRAIGHT ARM),ELBOW VICTORIAN  STR,ELBOW VICTORIAN ,STR,ISO.,omega,4,2,FL,
PULL,PULL HORIZONTAL,PULL HORIZONTAL (STRAIGHT ARM),DP  STR,DP ,STR,CON.,omega,4,2,FL,
PULL,PULL HORIZONTAL,PULL HORIZONTAL (STRAIGHT ARM),DP  HALF LAYOUT,DP ,HALF LAYOUT,EXC.,omega,4,2,FL,
PULL,PULL HORIZONTAL,PULL HORIZONTAL (STRAIGHT ARM),FL WIDE PRESS FULL,FL WIDE PRESS,FULL,EXC.,omega,4,2,FL,
PULL,PULL HORIZONTAL,PULL HORIZONTAL (STRAIGHT ARM),FL WIDE FULL,FL WIDE,FULL,ISO.,omega,4,2,FL,
PULL,PULL HORIZONTAL,PULL HORIZONTAL (STRAIGHT ARM),FL PRESS  FULL,FL PRESS ,FULL,CON.,omega,4,2,FL,
PULL,PULL HORIZONTAL,PULL HORIZONTAL (STRAIGHT ARM),FL PRESS TO 90 FULL,FL PRESS TO 90,FULL,CON.,omega,4,2,FL,
PULL,PULL HORIZONTAL,PULL HORIZONTAL (STRAIGHT ARM),FL PRESS 90 TO INV FULL,FL PRESS 90 TO INV,FULL,CON.,omega,4,2,FL,
PULL,PULL HORIZONTAL,PULL HORIZONTAL (STRAIGHT ARM),ELBOW VICTORIAN  FULL,ELBOW VICTORIAN ,FULL,CON.,spartan,5,1,FL,
PULL,PULL HORIZONTAL,PULL HORIZONTAL (STRAIGHT ARM),FL WIDE FULL,FL WIDE,FULL,ISO.,spartan,5,1,FL,
PULL,PULL HORIZONTAL,PULL HORIZONTAL (STRAIGHT ARM),DP  HALF LAYOUT,DP ,HALF LAYOUT,CON.,spartan,5,1,FL,
PULL,PULL HORIZONTAL,PULL HORIZONTAL (STRAIGHT ARM),DP FULL,DP,FULL,EXC.,spartan,5,1,FL,
PULL,PULL HORIZONTAL,PULL HORIZONTAL (STRAIGHT ARM),FL WIDE FULL,FL WIDE,FULL,EXC.,spartan,5,1,FL,
PULL,PULL HORIZONTAL,PULL HORIZONTAL (STRAIGHT ARM),ELBOW VICTORIAN  FULL,ELBOW VICTORIAN ,FULL,ISO.,spartan,5,2,FL,
PULL,PULL HORIZONTAL,PULL HORIZONTAL (STRAIGHT ARM),DP  FULL,DP ,FULL,CON.,spartan,5,2,FL,
PULL,PULL HORIZONTAL,PULL HORIZONTAL (STRAIGHT ARM),FL WIDE PRESS FULL,FL WIDE PRESS,FULL,CON.,spartan,5,2,FL,
PULL,PULL HORIZONTAL,PULL HORIZONTAL (STRAIGHT ARM),FL WIDE PRESS TO 90 FULL,FL WIDE PRESS TO 90,FULL,CON.,spartan,5,2,FL,
PULL,PULL HORIZONTAL,PULL HORIZONTAL (STRAIGHT ARM),FL WIDE PRESS 90 TO INV FULL,FL WIDE PRESS 90 TO INV,FULL,CON.,spartan,5,2,FL,
PULL,PULL HORIZONTAL,PULL HORIZONTAL (STRAIGHT ARM),FALSE GRIP VICTORIAN ASSISTED FULL,FALSE GRIP VICTORIAN ASSISTED,FULL,ISO.,spartan,5,2,FL,
MOVILIDAD,BRIDGE,PULL ,CAT COW ,CAT COW,,CON.,alfa,1,1,BRIDGE,FL
MOVILIDAD,BRIDGE,PULL ,TABLE  ,TABLE ,,ISO.,alfa,1,1,BRIDGE,FL
MOVILIDAD,BRIDGE,PULL ,TABLE  ,TABLE ,,CON.,alfa,1,2,BRIDGE,FL
MOVILIDAD,BRIDGE,PULL ,SHOULDER BRIDGE  ,SHOULDER BRIDGE ,,ISO.,alfa,1,2,BRIDGE,FL
MOVILIDAD,BRIDGE,PULL ,TABLE TWIST ,TABLE TWIST,,CON.,alfa,1,3,BRIDGE,FL
MOVILIDAD,BRIDGE,PULL ,SHOULDER BRIDGE  ,SHOULDER BRIDGE ,,CON.,alfa,1,3,BRIDGE,FL
MOVILIDAD,BRIDGE,PULL ,SEAL REPS ,SEAL REPS,,CON.,delta,2,1,BRIDGE,FL
MOVILIDAD,BRIDGE,PULL ,SUSPENDED SEAL ,SUSPENDED SEAL,,ISO.,delta,2,1,BRIDGE,FL
MOVILIDAD,BRIDGE,PULL ,SEAL PUSH UP ,SEAL PUSH UP,,CON.,delta,2,2,BRIDGE,FL
MOVILIDAD,BRIDGE,PULL ,WALL BRIDGE ,WALL BRIDGE,,CON.,delta,2,2,BRIDGE,FL
MOVILIDAD,BRIDGE,PULL ,LOW BRIDGE  ,LOW BRIDGE ,,ISO.,delta,2,3,BRIDGE,FL
MOVILIDAD,BRIDGE,PULL ,LOW BRIDGE ,LOW BRIDGE,,CON.,delta,2,3,BRIDGE,FL
MOVILIDAD,BRIDGE,PULL ,LOW BRIDGE ONE LEG ,LOW BRIDGE ONE LEG,,CON.,sigma,3,1,BRIDGE,FL
MOVILIDAD,BRIDGE,PULL ,ELBOW BRIDGE  ,ELBOW BRIDGE ,,ISO.,sigma,3,1,BRIDGE,FL
MOVILIDAD,BRIDGE,PULL ,ELBOW BRIDGE ONE LEG ,ELBOW BRIDGE ONE LEG,,CON.,sigma,3,1,BRIDGE,FL
MOVILIDAD,BRIDGE,PULL ,ELBOW BRIDGE ,ELBOW BRIDGE,,CON.,sigma,3,2,BRIDGE,FL
MOVILIDAD,BRIDGE,PULL ,LOW BRIDGE ,LOW BRIDGE,,CON.,sigma,3,2,BRIDGE,FL
MOVILIDAD,BRIDGE,PULL ,LOW BRIDGE TWIST ,LOW BRIDGE TWIST,,CON.,sigma,3,2,BRIDGE,FL
MOVILIDAD,BRIDGE,PULL ,MID BRIDGE  ,MID BRIDGE ,,ISO.,omega,4,1,BRIDGE,FL
MOVILIDAD,BRIDGE,PULL ,MID BRIDGE ONE LEG ,MID BRIDGE ONE LEG,,CON.,omega,4,1,BRIDGE,FL
MOVILIDAD,BRIDGE,PULL ,MID BRIDGE ,MID BRIDGE,,CON.,omega,4,2,BRIDGE,FL
MOVILIDAD,BRIDGE,PULL ,MID BRIDGE TWIST ,MID BRIDGE TWIST,,CON.,omega,4,2,BRIDGE,FL
MOVILIDAD,BRIDGE,PULL ,FULL BRIDGE  ,FULL BRIDGE ,,ISO.,spartan,5,1,BRIDGE,FL
MOVILIDAD,BRIDGE,PULL ,FULL BRIDGE ONE LEG ,FULL BRIDGE ONE LEG,,ISO.,spartan,5,1,BRIDGE,FL
MOVILIDAD,BRIDGE,PULL ,FULL BRIDGE ONE ARM ,FULL BRIDGE ONE ARM,,ISO.,spartan,5,1,BRIDGE,FL
MOVILIDAD,BRIDGE,PULL ,FULL BRIDGE ,FULL BRIDGE,,CON.,spartan,5,1,BRIDGE,FL
MOVILIDAD,BRIDGE,PULL ,FULL BRIDGE TWIST ,FULL BRIDGE TWIST,,CON.,spartan,5,2,BRIDGE,FL
MOVILIDAD,BRIDGE,PULL ,FULL BRIDGE WALL WALK ,FULL BRIDGE WALL WALK,,CON.,spartan,5,2,BRIDGE,FL
CORE,CORE ANTERIOR,ABS,ABS  CRUNCH,ABS ,CRUNCH,CON.,alfa,1,1,TTB,
CORE,CORE ANTERIOR,ABS,ABS SIDE  CRUNCH,ABS SIDE ,CRUNCH,CON.,alfa,1,1,TTB,
CORE,CORE ANTERIOR,ABS,ABS HEEL TOUCH  CRUNCH,ABS HEEL TOUCH ,CRUNCH,CON.,alfa,1,1,TTB,
CORE,CORE ANTERIOR,ABS,ABS  TUCK,ABS ,TUCK,CON.,alfa,1,1,TTB,
PULL,PULL VERTICAL,PULL VERTICAL (STRAIGHT ARM) ,TTB 90 TUCK,TTB 90,TUCK,ISO.,alfa,1,1,TTB,
PULL,PULL VERTICAL,PULL VERTICAL (STRAIGHT ARM) ,TTB 90 SUPINE TUCK,TTB 90 SUPINE,TUCK,ISO.,alfa,1,1,TTB,
PULL,PULL VERTICAL,PULL VERTICAL (STRAIGHT ARM) ,TTB OL TUCK,TTB OL,TUCK,CON.,alfa,1,1,TTB,
CORE,CORE ANTERIOR,ABS,ABS  TUCK,ABS ,TUCK,ISO.,alfa,1,2,TTB,
CORE,CORE ANTERIOR,ABS,ABS SIDE  CRUNCH,ABS SIDE ,CRUNCH,ISO.,alfa,1,2,TTB,
CORE,CORE ANTERIOR,ABS,ABS  CRUNCH,ABS ,CRUNCH,ISO.,alfa,1,2,TTB,
PULL,PULL VERTICAL,PULL VERTICAL (STRAIGHT ARM) ,TTB 90 SUPINE TUCK,TTB 90 SUPINE,TUCK,ISO.,alfa,1,2,TTB,
PULL,PULL VERTICAL,PULL VERTICAL (STRAIGHT ARM) ,TTB 90 TUCK,TTB 90,TUCK,CON.,alfa,1,2,TTB,
CORE,CORE ANTERIOR,ABS,ABS PIKE CRUNCH,ABS PIKE,CRUNCH,CON.,alfa,1,2,TTB,
CORE,CORE ANTERIOR,ABS,ABS HINGE  STR,ABS HINGE ,STR,CON.,alfa,1,2,TTB,
PULL,PULL VERTICAL,PULL VERTICAL (STRAIGHT ARM) ,TTB OL SCISSOR 90 TUCK,TTB OL SCISSOR 90,TUCK,CON.,alfa,1,2,TTB,
PULL,PULL VERTICAL,PULL VERTICAL (STRAIGHT ARM) ,TTB  TUCK,TTB ,TUCK,CON.,alfa,1,2,TTB,
PULL,PULL VERTICAL,PULL VERTICAL (STRAIGHT ARM) ,OA ASSISTED VERTICAL,OA ASSISTED,VERTICAL,ISO.,alfa,1,2,TTB,
PULL,PULL VERTICAL,PULL VERTICAL (BENT ARM) ,TTB 90 BA MID TUCK,TTB 90 BA MID,TUCK,ISO.,alfa,1,3,TTB,
PULL,PULL VERTICAL,PULL VERTICAL (BENT ARM) ,TTB 90 BA TOP TUCK,TTB 90 BA TOP,TUCK,ISO.,alfa,1,3,TTB,
PULL,PULL VERTICAL,PULL VERTICAL (BENT ARM) ,TTB 90 BA MID SUPINE TUCK,TTB 90 BA MID SUPINE,TUCK,CON.,alfa,1,3,TTB,
PULL,PULL VERTICAL,PULL VERTICAL (BENT ARM) ,TTB 90 BA TOP SUPINE TUCK,TTB 90 BA TOP SUPINE,TUCK,CON.,alfa,1,3,TTB,
PULL,PULL VERTICAL,PULL VERTICAL (STRAIGHT ARM) ,TTB  TUCK,TTB ,TUCK,ISO.,alfa,1,3,TTB,
CORE,CORE ANTERIOR,CORE ANTERIOR,ABS HINGE FULL,ABS HINGE,FULL,CON.,alfa,1,3,TTB,
PULL,PULL VERTICAL,PULL VERTICAL (STRAIGHT ARM) ,TTB 90 SUPINE STR,TTB 90 SUPINE,STR,ISO.,alfa,1,3,TTB,
PULL,PULL VERTICAL,PULL VERTICAL (STRAIGHT ARM) ,TTB 90 STR,TTB 90,STR,ISO.,alfa,1,3,TTB,
PULL,PULL VERTICAL,PULL VERTICAL (STRAIGHT ARM) ,TTB OL  PIKE,TTB OL ,PIKE,CON.,alfa,1,3,TTB,
PULL,PULL VERTICAL,PULL VERTICAL (STRAIGHT ARM) ,TTB SUPINE TUCK TO STR,TTB SUPINE TUCK TO,STR,EXC.,alfa,1,3,TTB,
PULL,PULL VERTICAL,PULL VERTICAL (STRAIGHT ARM) ,TTB TUCK TO PIKE,TTB TUCK TO,PIKE,EXC.,alfa,1,3,TTB,
PULL,PULL VERTICAL,PULL VERTICAL (STRAIGHT ARM) ,TTB BA 1/2 W TUCK,TTB BA 1/2 W,TUCK,CON.,alfa,1,3,TTB,
PULL,PULL VERTICAL,PULL VERTICAL (STRAIGHT ARM) ,TTB 1/2 W TUCK,TTB 1/2 W,TUCK,CON.,alfa,1,3,TTB,
PULL,PULL VERTICAL,PULL VERTICAL (STRAIGHT ARM) ,OA  VERTICAL,OA ,VERTICAL,ISO.,alfa,1,3,TTB,
PULL,PULL VERTICAL,PULL VERTICAL (STRAIGHT ARM) ,TTB PIKE TO TUCK,TTB PIKE TO,TUCK,EXC.,delta,2,1,TTB,
PULL,PULL VERTICAL,PULL VERTICAL (BENT ARM) ,TTB BA MID TUCK,TTB BA MID,TUCK,CON.,delta,2,1,TTB,
PULL,PULL VERTICAL,PULL VERTICAL (BENT ARM) ,TTB BA TOP TUCK,TTB BA TOP,TUCK,CON.,delta,2,1,TTB,
PULL,PULL VERTICAL,PULL VERTICAL (BENT ARM) ,TTB 90 BA MID STR,TTB 90 BA MID,STR,ISO.,delta,2,1,TTB,
PULL,PULL VERTICAL,PULL VERTICAL (BENT ARM) ,TTB 90 BA TOP STR,TTB 90 BA TOP,STR,ISO.,delta,2,1,TTB,
PULL,PULL VERTICAL,PULL VERTICAL (BENT ARM) ,TTB 90 BA MID SUPINE STR,TTB 90 BA MID SUPINE,STR,CON.,delta,2,1,TTB,
PULL,PULL VERTICAL,PULL VERTICAL (BENT ARM) ,TTB 90 BA TOP SUPINE STR,TTB 90 BA TOP SUPINE,STR,CON.,delta,2,1,TTB,
PULL,PULL VERTICAL,PULL VERTICAL (STRAIGHT ARM) ,TTB OL SCISSORS 90 PIKE,TTB OL SCISSORS 90,PIKE,CON.,delta,2,1,TTB,
PULL,PULL VERTICAL,PULL VERTICAL (STRAIGHT ARM) ,TTB 90 PIKE,TTB 90,PIKE,CON.,delta,2,1,TTB,
PULL,PULL VERTICAL,PULL VERTICAL (STRAIGHT ARM) ,TTB  STR,TTB ,STR,CON.,delta,2,1,TTB,
PULL,PULL VERTICAL,PULL VERTICAL (STRAIGHT ARM) ,TTB V STR,TTB V,STR,ISO.,delta,2,1,TTB,
PULL,PULL VERTICAL,PULL VERTICAL (STRAIGHT ARM) ,TTB 90 SUPINE STR,TTB 90 SUPINE,STR,ISO.,delta,2,1,TTB,
PULL,PULL VERTICAL,PULL VERTICAL (BENT ARM) ,TTB SUPINE BA STR,TTB SUPINE BA,STR,CON.,delta,2,1,TTB,
PULL,PULL VERTICAL,PULL VERTICAL (BENT ARM) ,OA TTB  TUCK,OA TTB ,TUCK,CON.,delta,2,1,TTB,
PULL,PULL VERTICAL,PULL VERTICAL (BENT ARM) ,TTB BA ATW TUCK,TTB BA ATW,TUCK,CON.,delta,2,2,TTB,
PULL,PULL VERTICAL,PULL VERTICAL (STRAIGHT ARM) ,TTB ATW TUCK,TTB ATW,TUCK,CON.,delta,2,2,TTB,
PULL,PULL VERTICAL,PULL VERTICAL (STRAIGHT ARM) ,TTB WINDSHIELD TUCK,TTB WINDSHIELD,TUCK,CON.,delta,2,2,TTB,
PULL,PULL VERTICAL,PULL VERTICAL (BENT ARM) ,TTB BA WINDSHIELD TUCK,TTB BA WINDSHIELD,TUCK,CON.,delta,2,2,TTB,
PULL,PULL VERTICAL,PULL VERTICAL (STRAIGHT ARM) ,TTB 1/2 WINDSHIELD PIKE,TTB 1/2 WINDSHIELD,PIKE,CON.,delta,2,2,TTB,
PULL,PULL VERTICAL,PULL VERTICAL (BENT ARM) ,TTB 1/2 WINDSHIELD BA PIKE,TTB 1/2 WINDSHIELD BA,PIKE,CON.,delta,2,2,TTB,
PULL,PULL VERTICAL,PULL VERTICAL (BENT ARM) ,TTB 1/2 WINDSHIELD BA SUPINE TUCK,TTB 1/2 WINDSHIELD BA SUPINE,TUCK,CON.,delta,2,2,TTB,
PULL,PULL VERTICAL,PULL VERTICAL (STRAIGHT ARM) ,TTB PIKE,TTB,PIKE,CON.,delta,2,2,TTB,
PULL,PULL VERTICAL,PULL VERTICAL (STRAIGHT ARM) ,TTB SUPINE STR,TTB SUPINE,STR,CON.,delta,2,2,TTB,
PULL,PULL VERTICAL,PULL VERTICAL (BENT ARM) ,TTB BENT ARM MID STR,TTB BENT ARM MID,STR,CON.,delta,2,2,TTB,
PULL,PULL VERTICAL,PULL VERTICAL (BENT ARM) ,TTB BENT ARM TOP STR,TTB BENT ARM TOP,STR,CON.,delta,2,2,TTB,
PULL,PULL VERTICAL,PULL VERTICAL (BENT ARM) ,TTB 90 BENT ARM MID PIKE,TTB 90 BENT ARM MID,PIKE,ISO.,delta,2,2,TTB,
PULL,PULL VERTICAL,PULL VERTICAL (BENT ARM) ,TTB 90 BENT ARM TOP PIKE,TTB 90 BENT ARM TOP,PIKE,ISO.,delta,2,2,TTB,
PULL,PULL VERTICAL,PULL VERTICAL (BENT ARM) ,TTB 90 BENT ARM MID SUPINE PIKE,TTB 90 BENT ARM MID SUPINE,PIKE,CON.,delta,2,2,TTB,
PULL,PULL VERTICAL,PULL VERTICAL (BENT ARM) ,TTB 90 BENT ARM TOP SUPINE PIKE,TTB 90 BENT ARM TOP SUPINE,PIKE,CON.,delta,2,2,TTB,
PULL,PULL VERTICAL,PULL VERTICAL (STRAIGHT ARM) ,TTB V PIKE,TTB V,PIKE,ISO.,delta,2,2,TTB,
PULL,PULL VERTICAL,PULL VERTICAL (STRAIGHT ARM) ,TTB V SUPINE STR,TTB V SUPINE,STR,ISO.,delta,2,2,TTB,
PULL,PULL VERTICAL,PULL VERTICAL (BENT ARM) ,OA TTB  TUCK,OA TTB ,TUCK,ISO.,delta,2,2,TTB,
PULL,PULL VERTICAL,PULL VERTICAL (BENT ARM) ,OA TTB SUPINE TUCK,OA TTB SUPINE,TUCK,CON.,delta,2,2,TTB,
PULL,PULL VERTICAL,PULL VERTICAL (BENT ARM) ,OA TTB  TUCK,OA TTB ,TUCK,CON.,delta,2,2,TTB,
PULL,PULL VERTICAL,PULL VERTICAL (STRAIGHT ARM) ,1/2  WINDSHIELD PIKE,1/2  WINDSHIELD,PIKE,CON.,delta,2,2,TTB,
PULL,PULL VERTICAL,PULL VERTICAL (STRAIGHT ARM) ,1/2 WINDSHIELD SUPINE PIKE,1/2 WINDSHIELD SUPINE,PIKE,CON.,delta,2,3,TTB,
PULL,PULL VERTICAL,PULL VERTICAL (STRAIGHT ARM) ,TTB ATW PIKE,TTB ATW,PIKE,CON.,delta,2,3,TTB,
PULL,PULL VERTICAL,PULL VERTICAL (STRAIGHT ARM) ,TTB ATW BA PIKE,TTB ATW BA,PIKE,CON.,delta,2,3,TTB,
PULL,PULL VERTICAL,PULL VERTICAL (STRAIGHT ARM) ,TTB L TO V PIKE,TTB L TO V,PIKE,CON.,delta,2,3,TTB,
PULL,PULL VERTICAL,PULL VERTICAL (STRAIGHT ARM) ,TTB WINDSHIELD PIKE,TTB WINDSHIELD,PIKE,CON.,delta,2,3,TTB,
PULL,PULL VERTICAL,PULL VERTICAL (BENT ARM) ,TTB WINDSHIELD BA PIKE,TTB WINDSHIELD BA,PIKE,CON.,delta,2,3,TTB,
PULL,PULL VERTICAL,PULL VERTICAL (STRAIGHT ARM) ,TTB TOUCH BAR PIKE,TTB TOUCH BAR,PIKE,ISO.,delta,2,3,TTB,
PULL,PULL VERTICAL,PULL VERTICAL (STRAIGHT ARM) ,TTB TO INVERTED PIKE,TTB TO INVERTED,PIKE,EXC.,delta,2,3,TTB,
PULL,PULL VERTICAL,PULL VERTICAL (BENT ARM) ,TTB BENT ARM MID PIKE,TTB BENT ARM MID,PIKE,CON.,delta,2,3,TTB,
PULL,PULL VERTICAL,PULL VERTICAL (BENT ARM) ,TTB BENT ARM TOP PIKE,TTB BENT ARM TOP,PIKE,CON.,delta,2,3,TTB,
PULL,PULL VERTICAL,PULL VERTICAL (BENT ARM) ,TTB 90 BA MID PIKE,TTB 90 BA MID,PIKE,ISO.,delta,2,3,TTB,
PULL,PULL VERTICAL,PULL VERTICAL (BENT ARM) ,TTB 90 BA TOP PIKE,TTB 90 BA TOP,PIKE,ISO.,delta,2,3,TTB,
PULL,PULL VERTICAL,PULL VERTICAL (BENT ARM) ,TTB BA V MID SUPINE PIKE,TTB BA V MID SUPINE,PIKE,ISO.,delta,2,3,TTB,
PULL,PULL VERTICAL,PULL VERTICAL (BENT ARM) ,TTB BA V TOP SUPINE PIKE,TTB BA V TOP SUPINE,PIKE,ISO.,delta,2,3,TTB,
PULL,PULL VERTICAL,PULL VERTICAL (STRAIGHT ARM) ,TTB SUPINE PIKE,TTB SUPINE,PIKE,CON.,delta,2,3,TTB,
PULL,PULL VERTICAL,PULL VERTICAL (STRAIGHT ARM) ,OA TTB 90 PIKE,OA TTB 90,PIKE,ISO.,delta,2,3,TTB,
PULL,PULL VERTICAL,PULL VERTICAL (STRAIGHT ARM) ,OA TTB SUPINE TUCK,OA TTB SUPINE,TUCK,ISO.,delta,2,3,TTB,
PULL,PULL VERTICAL,PULL VERTICAL (STRAIGHT ARM) ,OA TTB  STR,OA TTB ,STR,CON.,delta,2,3,TTB,
PULL,PULL VERTICAL,PULL VERTICAL (STRAIGHT ARM) ,TTB WINDSHIELD SUPINE PIKE,TTB WINDSHIELD SUPINE,PIKE,CON.,sigma,3,1,TTB,
PULL,PULL VERTICAL,PULL VERTICAL (STRAIGHT ARM) ,TTB ATW SUPINE PIKE,TTB ATW SUPINE,PIKE,CON.,sigma,3,1,TTB,
PULL,PULL VERTICAL,PULL VERTICAL (STRAIGHT ARM) ,TTB ATW BA SUPINE PIKE,TTB ATW BA SUPINE,PIKE,CON.,sigma,3,1,TTB,
PULL,PULL VERTICAL,PULL VERTICAL (STRAIGHT ARM) ,TTB L TO V SUPINE PIKE,TTB L TO V SUPINE,PIKE,CON.,sigma,3,1,TTB,
PULL,PULL VERTICAL,PULL VERTICAL (STRAIGHT ARM) ,TTB TOUCH BAR SUPINE PIKE,TTB TOUCH BAR SUPINE,PIKE,ISO.,sigma,3,1,TTB,
PULL,PULL VERTICAL,PULL VERTICAL (STRAIGHT ARM) ,TTB TO INVERTED PIKE,TTB TO INVERTED,PIKE,CON.,sigma,3,1,TTB,
PULL,PULL VERTICAL,PULL VERTICAL (BENT ARM) ,TTB BENT ARM MID TO INVERTED PIKE,TTB BENT ARM MID TO INVERTED,PIKE,CON.,sigma,3,1,TTB,
PULL,PULL VERTICAL,PULL VERTICAL (BENT ARM) ,TTB  BENT ARM TOP TO INVERTED PIKE,TTB  BENT ARM TOP TO INVERTED,PIKE,CON.,sigma,3,1,TTB,
PULL,PULL VERTICAL,PULL VERTICAL (BENT ARM) ,TTB V BA MID PIKE,TTB V BA MID,PIKE,ISO.,sigma,3,1,TTB,
PULL,PULL VERTICAL,PULL VERTICAL (BENT ARM) ,TTB V BA TOP PIKE,TTB V BA TOP,PIKE,ISO.,sigma,3,1,TTB,
PULL,PULL VERTICAL,PULL VERTICAL (BENT ARM) ,TTB BA V TO INVERTED MID SUPINE  PIKE,TTB BA V TO INVERTED MID SUPINE ,PIKE,CON.,sigma,3,1,TTB,
PULL,PULL VERTICAL,PULL VERTICAL (BENT ARM) ,TTB BA V TO INVERTED TOP SUPINE PIKE,TTB BA V TO INVERTED TOP SUPINE,PIKE,CON.,sigma,3,1,TTB,
PULL,PULL VERTICAL,PULL VERTICAL (STRAIGHT ARM) ,OA TTB V PIKE,OA TTB V,PIKE,ISO.,sigma,3,1,TTB,
PULL,PULL VERTICAL,PULL VERTICAL (BENT ARM) ,OA TTB SUPINE 90 TUCK,OA TTB SUPINE 90,TUCK,CON.,sigma,3,1,TTB,
PULL,PULL VERTICAL,PULL VERTICAL (BENT ARM) ,OA TTB 90 PIKE,OA TTB 90,PIKE,CON.,sigma,3,1,TTB,
PULL,PULL VERTICAL,PULL VERTICAL (STRAIGHT ARM) ,1/2 WINDSHIELD OA TUCK,1/2 WINDSHIELD OA,TUCK,CON.,sigma,3,2,TTB,
PULL,PULL VERTICAL,PULL VERTICAL (STRAIGHT ARM) ,TTB ATW OA TUCK,TTB ATW OA,TUCK,CON.,sigma,3,2,TTB,
PULL,PULL VERTICAL,PULL VERTICAL (STRAIGHT ARM) ,TTB ATW BA SUPINE FULL,TTB ATW BA SUPINE,FULL,CON.,sigma,3,2,TTB,
PULL,PULL VERTICAL,PULL VERTICAL (STRAIGHT ARM) ,SHAWARMA  TUCK,SHAWARMA ,TUCK,CON.,sigma,3,2,TTB,
PULL,PULL VERTICAL,PULL VERTICAL (STRAIGHT ARM) ,TTB SUPINE TO INVERTED PIKE,TTB SUPINE TO INVERTED,PIKE,CON.,sigma,3,2,TTB,
PULL,PULL VERTICAL,PULL VERTICAL (STRAIGHT ARM) ,TTB V TO INVERTED PIKE,TTB V TO INVERTED,PIKE,CON.,sigma,3,2,TTB,
PULL,PULL VERTICAL,PULL VERTICAL (BENT ARM) ,TTB BENT ARM MID WINDSHIELD PIKE,TTB BENT ARM MID WINDSHIELD,PIKE,CON.,sigma,3,2,TTB,
PULL,PULL VERTICAL,PULL VERTICAL (BENT ARM) ,TTB BENT ARM TOP WINDSHIELD PIKE,TTB BENT ARM TOP WINDSHIELD,PIKE,CON.,sigma,3,2,TTB,
PULL,PULL VERTICAL,PULL VERTICAL (BENT ARM) ,TTB BA ATW MID SUPINE  PIKE,TTB BA ATW MID SUPINE ,PIKE,ISO.,sigma,3,2,TTB,
PULL,PULL VERTICAL,PULL VERTICAL (BENT ARM) ,TTB BA ATW TOP SUPINE PIKE,TTB BA ATW TOP SUPINE,PIKE,ISO.,sigma,3,2,TTB,
PULL,PULL VERTICAL,PULL VERTICAL (STRAIGHT ARM) ,RING MEATHOOK PIKE,RING MEATHOOK,PIKE,ISO.,sigma,3,2,TTB,
PULL,PULL VERTICAL,PULL VERTICAL (BENT ARM) ,OA TTB SUPINE 90 PIKE,OA TTB SUPINE 90,PIKE,CON.,sigma,3,2,TTB,
PULL,PULL VERTICAL,PULL VERTICAL (BENT ARM) ,OA TTB  PIKE,OA TTB ,PIKE,CON.,sigma,3,2,TTB,
PULL,PULL VERTICAL,PULL VERTICAL (STRAIGHT ARM) ,1/2 WINDSHIELD OA PIKE,1/2 WINDSHIELD OA,PIKE,CON.,omega,4,1,TTB,
PULL,PULL VERTICAL,PULL VERTICAL (STRAIGHT ARM) ,TTB ATW OA PIKE,TTB ATW OA,PIKE,CON.,omega,4,1,TTB,
PULL,PULL VERTICAL,PULL VERTICAL (STRAIGHT ARM) ,TTB ATW OA SUPINE TUCK,TTB ATW OA SUPINE,TUCK,CON.,omega,4,1,TTB,
PULL,PULL VERTICAL,PULL VERTICAL (STRAIGHT ARM) ,SHAWARMA  PIKE,SHAWARMA ,PIKE,CON.,omega,4,1,TTB,
PULL,PULL VERTICAL,PULL VERTICAL (STRAIGHT ARM) ,INVERTED RING SUPINE OA ASSISTED FULL,INVERTED RING SUPINE OA ASSISTED,FULL,ISO.,omega,4,1,TTB,
PULL,PULL VERTICAL,PULL VERTICAL (STRAIGHT ARM) ,INVERTED RING OA ASSISTED FULL,INVERTED RING OA ASSISTED,FULL,ISO.,omega,4,1,TTB,
PULL,PULL VERTICAL,PULL VERTICAL (BENT ARM) ,TTB BENT ARM MID WINDSHIELD PIKE,TTB BENT ARM MID WINDSHIELD,PIKE,CON.,omega,4,1,TTB,
PULL,PULL VERTICAL,PULL VERTICAL (BENT ARM) ,TTB BENT ARM TOP WINDSHIELD PIKE,TTB BENT ARM TOP WINDSHIELD,PIKE,CON.,omega,4,1,TTB,
PULL,PULL VERTICAL,PULL VERTICAL (BENT ARM) ,TTB BA ATW MID SUPINE  PIKE,TTB BA ATW MID SUPINE ,PIKE,ISO.,omega,4,1,TTB,
PULL,PULL VERTICAL,PULL VERTICAL (BENT ARM) ,TTB BA ATW TOP SUPINE PIKE,TTB BA ATW TOP SUPINE,PIKE,ISO.,omega,4,1,TTB,
PULL,PULL VERTICAL,PULL VERTICAL (STRAIGHT ARM) ,OA TO RING MEATHOOK  PIKE,OA TO RING MEATHOOK ,PIKE,EXC.,omega,4,1,TTB,
PULL,PULL VERTICAL,PULL VERTICAL (BENT ARM) ,OA TTB SUPINE  PIKE,OA TTB SUPINE ,PIKE,CON.,omega,4,1,TTB,
PULL,PULL VERTICAL,PULL VERTICAL (BENT ARM) ,OA TTB TO INVERTED ASSISTED PIKE,OA TTB TO INVERTED ASSISTED,PIKE,CON.,omega,4,1,TTB,
PULL,PULL VERTICAL,PULL VERTICAL (STRAIGHT ARM) ,WINDSHIELD OA PIKE,WINDSHIELD OA,PIKE,CON.,omega,4,2,TTB,
PULL,PULL VERTICAL,PULL VERTICAL (STRAIGHT ARM) ,TTB ATW OA SUPINE PIKE,TTB ATW OA SUPINE,PIKE,CON.,omega,4,2,TTB,
PULL,PULL VERTICAL,PULL VERTICAL (STRAIGHT ARM) ,SHAWARMA ON V PIKE,SHAWARMA ON V,PIKE,CON.,omega,4,2,TTB,
PULL,PULL VERTICAL,PULL VERTICAL (STRAIGHT ARM) ,INVERTED RING SUPINE OA  FULL,INVERTED RING SUPINE OA ,FULL,ISO.,omega,4,2,TTB,
PULL,PULL VERTICAL,PULL VERTICAL (STRAIGHT ARM) ,INVERTED RING OA  FULL,INVERTED RING OA ,FULL,ISO.,omega,4,2,TTB,
PULL,PULL VERTICAL,PULL VERTICAL (BENT ARM) ,TTB OAB MID ASSISTED PIKE,TTB OAB MID ASSISTED,PIKE,CON.,omega,4,2,TTB,
PULL,PULL VERTICAL,PULL VERTICAL (BENT ARM) ,TTB OAB TOP ASSISTED PIKE,TTB OAB TOP ASSISTED,PIKE,CON.,omega,4,2,TTB,
PULL,PULL VERTICAL,PULL VERTICAL (STRAIGHT ARM) ,OA TO RING MEATHOOK  PIKE,OA TO RING MEATHOOK ,PIKE,CON.,omega,4,2,TTB,
PULL,PULL VERTICAL,PULL VERTICAL (BENT ARM) ,OA TTB SUPINE TO INVERTED ASSISTED PIKE,OA TTB SUPINE TO INVERTED ASSISTED,PIKE,CON.,omega,4,2,TTB,
PULL,PULL VERTICAL,PULL VERTICAL (BENT ARM) ,OA TTB V TO INVERTED ASSISTED PIKE,OA TTB V TO INVERTED ASSISTED,PIKE,CON.,omega,4,2,TTB,
PULL,PULL VERTICAL,PULL VERTICAL (BENT ARM) ,TTB OAB MID TO INVERTED ASSISTED PIKE,TTB OAB MID TO INVERTED ASSISTED,PIKE,CON.,omega,4,2,TTB,
PULL,PULL VERTICAL,PULL VERTICAL (BENT ARM) ,TTB OA BA TOP TO INVERTED ASSISTED PIKE,TTB OA BA TOP TO INVERTED ASSISTED,PIKE,CON.,omega,4,2,TTB,
PULL,PULL VERTICAL,PULL VERTICAL (BENT ARM) ,OA TTB SUPINE V TO INVERTED ASSISTED PIKE,OA TTB SUPINE V TO INVERTED ASSISTED,PIKE,CON.,omega,4,2,TTB,
PULL,PULL VERTICAL,PULL VERTICAL (BENT ARM) ,OA HANG TO MEATHOOK TO INVERTED PIKE,OA HANG TO MEATHOOK TO INVERTED,PIKE,CON.,omega,4,2,TTB,
PULL,PULL VERTICAL,PULL VERTICAL (STRAIGHT ARM) ,WINDSHIELD OA SUPINE PIKE,WINDSHIELD OA SUPINE,PIKE,CON.,spartan,5,1,TTB,
PULL,PULL VERTICAL,PULL VERTICAL (BENT ARM) ,TTB OAB MID  PIKE,TTB OAB MID ,PIKE,CON.,spartan,5,1,TTB,
PULL,PULL VERTICAL,PULL VERTICAL (BENT ARM) ,TTB OAB TOP  PIKE,TTB OAB TOP ,PIKE,CON.,spartan,5,1,TTB,
PULL,PULL VERTICAL,PULL VERTICAL (STRAIGHT ARM) ,OA TO RING MEATHOOK SLOW PIKE,OA TO RING MEATHOOK SLOW,PIKE,CON.,spartan,5,1,TTB,
PULL,PULL VERTICAL,PULL VERTICAL (BENT ARM) ,OA TTB SUPINE TO INVERTED ASSISTED PIKE,OA TTB SUPINE TO INVERTED ASSISTED,PIKE,CON.,spartan,5,1,TTB,
PULL,PULL VERTICAL,PULL VERTICAL (BENT ARM) ,OA TTB V TO INVERTED PIKE,OA TTB V TO INVERTED,PIKE,CON.,spartan,5,1,TTB,
PULL,PULL VERTICAL,PULL VERTICAL (BENT ARM) ,TTB OAB MID TO INVERTED  PIKE,TTB OAB MID TO INVERTED ,PIKE,CON.,spartan,5,1,TTB,
PULL,PULL VERTICAL,PULL VERTICAL (BENT ARM) ,TTB OA BA TOP TO INVERTED  PIKE,TTB OA BA TOP TO INVERTED ,PIKE,CON.,spartan,5,1,TTB,
PULL,PULL VERTICAL,PULL VERTICAL (BENT ARM) ,OA TTB SUPINE V TO INVERTED  PIKE,OA TTB SUPINE V TO INVERTED ,PIKE,CON.,spartan,5,1,TTB,
PULL,PULL VERTICAL,PULL VERTICAL (BENT ARM) ,OA HANG TO MEATHOOK TO INVERTED SLOW PIKE,OA HANG TO MEATHOOK TO INVERTED SLOW,PIKE,CON.,spartan,5,1,TTB,
MOVILIDAD,OBLICUOS,LOWER POSTERIOR,WEIGHTED OBLIQUE ,WEIGHTED OBLIQUE,,ISO.,alfa,1,1,SIDE PCK ,TTB / HF
MOVILIDAD,OBLICUOS,LOWER POSTERIOR,WEIGHTED OBLIQUE ,WEIGHTED OBLIQUE,,CON.,alfa,1,2,SIDE PCK ,TTB / HF
MOVILIDAD,OBLICUOS,LOWER POSTERIOR,STANDING LATERAL STRETCH ,STANDING LATERAL STRETCH,,ISO.,alfa,1,2,SIDE PCK ,TTB / HF
MOVILIDAD,OBLICUOS,LOWER POSTERIOR,STANDING LATERAL STRETCH ,STANDING LATERAL STRETCH,,CON.,alfa,1,3,SIDE PCK ,TTB / HF
MOVILIDAD,OBLICUOS,LOWER POSTERIOR,AROUND THE WORLD WEIGHTED ,AROUND THE WORLD WEIGHTED,,CON.,delta,2,1,SIDE PCK ,TTB / HF
MOVILIDAD,OBLICUOS,LOWER POSTERIOR,HORIZONTAL WINDMILL WEIGHTED ,HORIZONTAL WINDMILL WEIGHTED,,CON.,delta,2,1,SIDE PCK ,TTB / HF
MOVILIDAD,OBLICUOS,LOWER POSTERIOR,BENT SIDE PCK OL W. ,BENT SIDE PCK OL W.,,ISO.,delta,2,2,SIDE PCK ,TTB / HF
MOVILIDAD,OBLICUOS,LOWER POSTERIOR,STRAIGHT SIDE PCK STANDING W. ,STRAIGHT SIDE PCK STANDING W.,,CON.,delta,2,2,SIDE PCK ,TTB / HF
MOVILIDAD,OBLICUOS,LOWER POSTERIOR,BENT SIDE PCK OL W. ,BENT SIDE PCK OL W.,,CON.,delta,2,2,SIDE PCK ,TTB / HF
MOVILIDAD,OBLICUOS,LOWER POSTERIOR,STRAIGHT SIDE PCK STANDING BENT PRESS ,STRAIGHT SIDE PCK STANDING BENT PRESS,,CON.,delta,2,3,SIDE PCK ,TTB / HF
MOVILIDAD,OBLICUOS,LOWER POSTERIOR,BENT SIDE PCK OL W. TWIST ,BENT SIDE PCK OL W. TWIST,,CON.,delta,2,3,SIDE PCK ,TTB / HF
MOVILIDAD,OBLICUOS,LOWER POSTERIOR,BENT SIDE PCK OL W. TWIST ,BENT SIDE PCK OL W. TWIST,,CON.,delta,2,3,SIDE PCK ,TTB / HF
MOVILIDAD,OBLICUOS,LOWER POSTERIOR,WINDMILL SIDE PCK STANDING  PRESS ,WINDMILL SIDE PCK STANDING  PRESS,,CON.,sigma,3,1,SIDE PCK ,TTB / HF
MOVILIDAD,OBLICUOS,LOWER POSTERIOR,STRAIGHT SIDE PCK OL  ,STRAIGHT SIDE PCK OL ,,ISO.,sigma,3,1,SIDE PCK ,TTB / HF
MOVILIDAD,OBLICUOS,LOWER POSTERIOR,STRAIGHT SIDE PCK OL ,STRAIGHT SIDE PCK OL,,CON.,sigma,3,1,SIDE PCK ,TTB / HF
MOVILIDAD,OBLICUOS,LOWER POSTERIOR,WINDMILL SIDE PCK STANDING DOUBLE STRETCH ,WINDMILL SIDE PCK STANDING DOUBLE STRETCH,,CON.,sigma,3,1,SIDE PCK ,TTB / HF
MOVILIDAD,OBLICUOS,LOWER POSTERIOR,STRAIGHT SIDE PCK OL TWIST ,STRAIGHT SIDE PCK OL TWIST,,CON.,sigma,3,2,SIDE PCK ,TTB / HF
MOVILIDAD,OBLICUOS,LOWER POSTERIOR,BENT PCK SIDE  W. ,BENT PCK SIDE  W.,,ISO.,sigma,3,2,SIDE PCK ,TTB / HF
MOVILIDAD,OBLICUOS,LOWER POSTERIOR,BENT PCK SIDE W. ,BENT PCK SIDE W.,,CON.,sigma,3,2,SIDE PCK ,TTB / HF
MOVILIDAD,OBLICUOS,LOWER POSTERIOR,STRAIGHT SIDE PCK STANDING AROUND THE WORLD ,STRAIGHT SIDE PCK STANDING AROUND THE WORLD,,CON.,omega,4,1,SIDE PCK ,TTB / HF
MOVILIDAD,OBLICUOS,LOWER POSTERIOR,BENT PCK SIDE TWIST W. ,BENT PCK SIDE TWIST W.,,CON.,omega,4,1,SIDE PCK ,TTB / HF
MOVILIDAD,OBLICUOS,LOWER POSTERIOR,PCK SIDE W  ,PCK SIDE W ,,ISO.,omega,4,1,SIDE PCK ,TTB / HF
MOVILIDAD,OBLICUOS,LOWER POSTERIOR,PCK SIDE W ,PCK SIDE W,,CON.,omega,4,1,SIDE PCK ,TTB / HF
MOVILIDAD,OBLICUOS,LOWER POSTERIOR,PCK SIDE TWIST ,PCK SIDE TWIST,,CON.,omega,4,2,SIDE PCK ,TTB / HF
MOVILIDAD,OBLICUOS,LOWER POSTERIOR,PCK SIDE TO SIDE ,PCK SIDE TO SIDE,,CON.,omega,4,2,SIDE PCK ,TTB / HF
MOVILIDAD,OBLICUOS,LOWER POSTERIOR,PCK AROUND THE WORLD ,PCK AROUND THE WORLD,,CON.,omega,4,2,SIDE PCK ,TTB / HF
MOVILIDAD,OBLICUOS,LOWER POSTERIOR,OVERHEAD PCK WINDMILL ,OVERHEAD PCK WINDMILL,,CON.,spartan,5,1,SIDE PCK ,TTB / HF
MOVILIDAD,OBLICUOS,LOWER POSTERIOR,OVERHEAD PCK SIDE ,OVERHEAD PCK SIDE,,CON.,spartan,5,1,SIDE PCK ,TTB / HF
CORE,CORE POSTERIOR,ESPINALES,BOTE ESPINAL  ,BOTE ESPINAL ,,ISO.,alfa,1,1,HR,
CORE,CORE LATERAL,OBLICUOS,BOTE LATERAL  ,BOTE LATERAL ,,ISO.,alfa,1,1,HR,
CORE,CORE POSTERIOR,ESPINALES,BOTE ESPINAL  ,BOTE ESPINAL ,,CON.,alfa,1,2,HR,
CORE,CORE LATERAL,OBLICUOS,BOTE LATERAL  ,BOTE LATERAL ,,CON.,alfa,1,2,HR,
CORE,CORE POSTERIOR,ESPINALES,ESPINAL CAJON ,ESPINAL CAJON,,CON.,alfa,1,3,HR,
CORE,CORE LATERAL,OBLICUOS,SIDE PLANK ELBOW  ,SIDE PLANK ELBOW ,,ISO.,alfa,1,3,HR,
CORE,CORE LATERAL,OBLICUOS,SIDE PLANK ELBOW TWIST ,SIDE PLANK ELBOW TWIST,,CON.,alfa,1,3,HR,
CORE,CORE LATERAL,OBLICUOS,SIDE PLANK SUPP ,SIDE PLANK SUPP,,CON.,delta,2,1,HR,
CORE,CORE LATERAL,OBLICUOS,SIDE PLANK ARCH ,SIDE PLANK ARCH,,CON.,delta,2,1,HR,
CORE,CORE POSTERIOR,ESPINALES,ESPINAL JEFFERSON ,ESPINAL JEFFERSON,,CON.,delta,2,1,HR,
CORE,CORE POSTERIOR,ESPINALES,ESPINAL TORSION ,ESPINAL TORSION,,CON.,delta,2,2,HR,
CORE,CORE POSTERIOR,ESPINALES,ESPINAL 360 ,ESPINAL 360,,CON.,delta,2,3,HR,
CORE,CORE POSTERIOR,ESPINALES,ESPINAL A 1  ,ESPINAL A 1 ,,CON.,sigma,3,1,HR,
CORE,CORE POSTERIOR,ESPINALES,ESPINAL A 1 TORSION ,ESPINAL A 1 TORSION,,CON.,sigma,3,2,HR,
PULL,PULL HORIZONTAL,PULL HORIZONTAL (BENT ARM),ROW STANDING,ROW,STANDING,CON.,alfa,1,1,OAR,
PULL,PULL HORIZONTAL,PULL HORIZONTAL (BENT ARM),ROW  HORIZONTAL,ROW ,HORIZONTAL,EXC.,alfa,1,1,OAR,
PULL,PULL HORIZONTAL,PULL HORIZONTAL (BENT ARM),ROW INCLINED,ROW,INCLINED,ISO.,alfa,1,1,OAR,
PULL,PULL HORIZONTAL,PULL HORIZONTAL (BENT ARM),ROW  INCLINED,ROW ,INCLINED,CON.,alfa,1,2,OAR,
PULL,PULL HORIZONTAL,PULL HORIZONTAL (BENT ARM),ROW HORZONTAL,ROW,HORZONTAL,ISO.,alfa,1,2,OAR,
PULL,PULL HORIZONTAL,PULL HORIZONTAL (BENT ARM),ROW DECLINED,ROW,DECLINED,EXC.,alfa,1,2,OAR,
PULL,PULL HORIZONTAL,PULL HORIZONTAL (BENT ARM),ROW WIDE HORIZONTAL,ROW WIDE,HORIZONTAL,EXC.,alfa,1,2,OAR,
PULL,PULL HORIZONTAL,PULL HORIZONTAL (BENT ARM),ROW OH INCLINED,ROW OH,INCLINED,CON.,alfa,1,2,OAR,
PULL,PULL HORIZONTAL,PULL HORIZONTAL (BENT ARM),ROW HORIZONTAL,ROW,HORIZONTAL,CON.,alfa,1,3,OAR,
PULL,PULL HORIZONTAL,PULL HORIZONTAL (BENT ARM),ROW HORIZONTAL,ROW,HORIZONTAL,CON.,alfa,1,3,OAR,
PULL,PULL HORIZONTAL,PULL HORIZONTAL (BENT ARM),ROW DECLINED,ROW,DECLINED,ISO.,alfa,1,3,OAR,
PULL,PULL HORIZONTAL,PULL HORIZONTAL (BENT ARM),ROW BULGARO,ROW,BULGARO,EXC.,alfa,1,3,OAR,
PULL,PULL HORIZONTAL,PULL HORIZONTAL (BENT ARM),ROW WIDE HORIZONTAL,ROW WIDE,HORIZONTAL,ISO.,alfa,1,3,OAR,
PULL,PULL HORIZONTAL,PULL HORIZONTAL (BENT ARM),ROW OH HORIZONTAL,ROW OH,HORIZONTAL,CON.,alfa,1,3,OAR,
PULL,PULL HORIZONTAL,PULL HORIZONTAL (BENT ARM),ROW OA INCLINED,ROW OA,INCLINED,EXC.,alfa,1,3,OAR,
PULL,PULL HORIZONTAL,PULL HORIZONTAL (BENT ARM),ROW DECLINED,ROW,DECLINED,CON.,delta,2,1,OAR,
PULL,PULL HORIZONTAL,PULL HORIZONTAL (BENT ARM),ROW TYPEWRITER INCLINED,ROW TYPEWRITER,INCLINED,CON.,delta,2,1,OAR,
PULL,PULL HORIZONTAL,PULL HORIZONTAL (BENT ARM),ROW WIDE HORIZONTAL,ROW WIDE,HORIZONTAL,CON.,delta,2,1,OAR,
PULL,PULL HORIZONTAL,PULL HORIZONTAL (BENT ARM),ROW DECLINED,ROW,DECLINED,CON.,delta,2,1,OAR,
PULL,PULL HORIZONTAL,PULL HORIZONTAL (BENT ARM),ROW OH DECLINED,ROW OH,DECLINED,CON.,delta,2,1,OAR,
PULL,PULL HORIZONTAL,PULL HORIZONTAL (BENT ARM),ROW BULGARO HORIZONTAL,ROW BULGARO,HORIZONTAL,ISO.,delta,2,1,OAR,
PULL,PULL HORIZONTAL,PULL HORIZONTAL (BENT ARM),ROW OA INCLINED,ROW OA,INCLINED,ISO.,delta,2,1,OAR,
PULL,PULL HORIZONTAL,PULL HORIZONTAL (BENT ARM),ROW TYPEWRITER HORIZONTAL,ROW TYPEWRITER,HORIZONTAL,CON.,delta,2,2,OAR,
PULL,PULL HORIZONTAL,PULL HORIZONTAL (BENT ARM),ROW BULGARO HORIZONTAL,ROW BULGARO,HORIZONTAL,CON.,delta,2,2,OAR,
PULL,PULL HORIZONTAL,PULL HORIZONTAL (BENT ARM),ROW OA INCLINED,ROW OA,INCLINED,CON.,delta,2,2,OAR,
PULL,PULL HORIZONTAL,PULL HORIZONTAL (BENT ARM),ROW A LA CINTURA  INCLINED,ROW A LA CINTURA ,INCLINED,CON.,delta,2,2,FLR,
PULL,PULL HORIZONTAL,PULL HORIZONTAL (BENT ARM),ROW OA HORIZONTAL,ROW OA,HORIZONTAL,EXC.,delta,2,3,OAR,
PULL,PULL HORIZONTAL,PULL HORIZONTAL (BENT ARM),ROW ARCHER HORIZONTAL,ROW ARCHER,HORIZONTAL,CON.,delta,2,3,OAR,
PULL,PULL HORIZONTAL,PULL HORIZONTAL (BENT ARM),ROW A LA CINTURA  INCLINED,ROW A LA CINTURA ,INCLINED,ISO.,delta,2,3,FLR,
PULL,PULL HORIZONTAL,PULL HORIZONTAL (BENT ARM),ROW A LA CINTURA  HORIZONTAL,ROW A LA CINTURA ,HORIZONTAL,CON.,delta,2,3,FLR,
PULL,PULL HORIZONTAL,PULL HORIZONTAL (BENT ARM),ROW FRONT RING TUCK,ROW FRONT RING,TUCK,CON.,delta,2,3,FLR,
PULL,PULL HORIZONTAL,PULL HORIZONTAL (BENT ARM),ROW FRONT PIKE,ROW FRONT,PIKE,CON.,sigma,3,1,FLR,
PULL,PULL HORIZONTAL,PULL HORIZONTAL (BENT ARM),ROW A LA CINTURA  HORIZONTAL,ROW A LA CINTURA ,HORIZONTAL,ISO.,sigma,3,1,FLR,
PULL,PULL HORIZONTAL,PULL HORIZONTAL (BENT ARM),ROW OA  HORIZONTAL,ROW OA ,HORIZONTAL,ISO.,sigma,3,1,OAR,
PULL,PULL HORIZONTAL,PULL HORIZONTAL (BENT ARM),ROW FRONT WIDE  TUCK,ROW FRONT WIDE ,TUCK,CON.,sigma,3,1,FLR,
PULL,PULL HORIZONTAL,PULL HORIZONTAL (BENT ARM),BA FL TUCK,BA FL,TUCK,ISO.,sigma,3,1,FLR,
PULL,PULL HORIZONTAL,PULL HORIZONTAL (BENT ARM),ROW FRONT  ADV TUCK,ROW FRONT ,ADV TUCK,CON.,sigma,3,1,FLR,
PULL,PULL HORIZONTAL,PULL HORIZONTAL (BENT ARM),ROW FRONT PIKE,ROW FRONT,PIKE,ISO.,sigma,3,2,FLR,
PULL,PULL HORIZONTAL,PULL HORIZONTAL (BENT ARM),ROW FRONT WIDE  PIKE,ROW FRONT WIDE ,PIKE,CON.,sigma,3,2,FLR,
PULL,PULL HORIZONTAL,PULL HORIZONTAL (BENT ARM),ROW FRONT WIDE  ADV TUCK,ROW FRONT WIDE ,ADV TUCK,CON.,sigma,3,2,FLR,
PULL,PULL HORIZONTAL,PULL HORIZONTAL (BENT ARM),BA FL WIDE TUCK,BA FL WIDE,TUCK,ISO.,sigma,3,2,FLR,
PULL,PULL HORIZONTAL,PULL HORIZONTAL (BENT ARM),ROW OA DECLINED,ROW OA,DECLINED,CON.,sigma,3,2,OAR,
PULL,PULL HORIZONTAL,PULL HORIZONTAL (BENT ARM),ROW FRONT  SUPER ADV,ROW FRONT ,SUPER ADV,CON.,sigma,3,2,FLR,
PULL,PULL HORIZONTAL,PULL HORIZONTAL (BENT ARM),BA FL  ADV TUCK,BA FL ,ADV TUCK,ISO.,sigma,3,2,FLR,
PULL,PULL HORIZONTAL,PULL HORIZONTAL (BENT ARM),ROW FRONT WIDE  PIKE,ROW FRONT WIDE ,PIKE,ISO.,omega,4,1,FLR,
PULL,PULL HORIZONTAL,PULL HORIZONTAL (BENT ARM),BA FL WIDE ADV TUCK,BA FL WIDE,ADV TUCK,ISO.,omega,4,1,FLR,
PULL,PULL HORIZONTAL,PULL HORIZONTAL (BENT ARM),ROW OA  DECLINED,ROW OA ,DECLINED,ISO.,omega,4,1,OAR,
PULL,PULL HORIZONTAL,PULL HORIZONTAL (BENT ARM),ROW FRONT WIDE  SUPER ADV,ROW FRONT WIDE ,SUPER ADV,CON.,omega,4,1,FLR,
PULL,PULL HORIZONTAL,PULL HORIZONTAL (BENT ARM),BA FL  SUPER ADV,BA FL ,SUPER ADV,ISO.,omega,4,1,FLR,
PULL,PULL HORIZONTAL,PULL HORIZONTAL (BENT ARM),ROW FRONT  STRADDLE,ROW FRONT ,STRADDLE,CON.,omega,4,1,FLR,
PULL,PULL HORIZONTAL,PULL HORIZONTAL (BENT ARM),BA FL  STRADDLE,BA FL ,STRADDLE,ISO.,omega,4,2,FLR,
PULL,PULL HORIZONTAL,PULL HORIZONTAL (BENT ARM),BA FL WIDE SUPER ADV,BA FL WIDE,SUPER ADV,ISO.,omega,4,2,FLR,
PULL,PULL HORIZONTAL,PULL HORIZONTAL (BENT ARM),ROW FRONT WIDE  STRADDLE,ROW FRONT WIDE ,STRADDLE,CON.,omega,4,2,FLR,
PULL,PULL HORIZONTAL,PULL HORIZONTAL (BENT ARM),ROW FRONT  HALF LAYOUT,ROW FRONT ,HALF LAYOUT,CON.,omega,4,2,FLR,
PULL,PULL HORIZONTAL,PULL HORIZONTAL (BENT ARM),ROW FRONT WIDE  HALF LAYOUT,ROW FRONT WIDE ,HALF LAYOUT,CON.,spartan,5,1,FLR,
PULL,PULL HORIZONTAL,PULL HORIZONTAL (BENT ARM),BA FL WIDE STRADDLE,BA FL WIDE,STRADDLE,ISO.,spartan,5,1,FLR,
PULL,PULL HORIZONTAL,PULL HORIZONTAL (BENT ARM),BA FL  HALF LAYOUT,BA FL ,HALF LAYOUT,ISO.,spartan,5,2,FLR,
PULL,PULL HORIZONTAL,PULL HORIZONTAL (BENT ARM),ROW FRONT  FULL,ROW FRONT ,FULL,CON.,spartan,5,2,FLR,
PULL,PULL HORIZONTAL,PULL HORIZONTAL (BENT ARM),BA FL WIDE HALF LAYOUT,BA FL WIDE,HALF LAYOUT,CON.,spartan,5,2,FLR,
PULL,PULL HORIZONTAL,PULL HORIZONTAL (BENT ARM),BA FL  FULL,BA FL ,FULL,CON.,spartan,5,2,FLR,
PULL,PULL VERTICAL,PULL VERTICAL (BENT ARM) ,RETRAC. BAR VERTICAL,RETRAC. BAR,VERTICAL,CON.,alfa,1,1,OAP,
PULL,PULL VERTICAL,PULL VERTICAL (BENT ARM) ,RETRAC. BAR FLEX VERTICAL,RETRAC. BAR FLEX,VERTICAL,CON.,alfa,1,1,OAP,
PULL,PULL VERTICAL,PULL VERTICAL (BENT ARM) ,HOLLOW  VERTICAL,HOLLOW ,VERTICAL,ISO.,alfa,1,1,OAP,
PULL,PULL VERTICAL,PULL VERTICAL (BENT ARM) ,PL.UP RACK ,PL.UP,RACK ,EXC.,alfa,1,1,OAP,
PULL,PULL VERTICAL,PULL VERTICAL (BENT ARM) ,CH.UP RACK ,CH.UP,RACK ,EXC.,alfa,1,1,OAP,
PULL,PULL VERTICAL,PULL VERTICAL (BENT ARM) ,PL.UP TOP AUSTRALIAN,PL.UP TOP,AUSTRALIAN,ISO.,alfa,1,1,OAP,
PULL,PULL VERTICAL,PULL VERTICAL (BENT ARM) ,PL.UP MID  AUSTRALIAN,PL.UP MID ,AUSTRALIAN,ISO.,alfa,1,1,OAP,
PULL,PULL VERTICAL,PULL VERTICAL (BENT ARM) ,STANDING MUSCLE UP  INCLINED ,STANDING MUSCLE UP ,INCLINED ,EXC.,alfa,1,1,MU,
PULL,PULL VERTICAL,PULL VERTICAL (BENT ARM) ,STANDING MU TRANSITION INCLINED,STANDING MU TRANSITION,INCLINED,EXC.,alfa,1,1,MU,
PULL,PULL VERTICAL,PULL VERTICAL (BENT ARM) ,FALSE GRIP ROWS INCLINED,FALSE GRIP ROWS,INCLINED,CON.,alfa,1,1,MU,
PULL,PULL VERTICAL,PULL VERTICAL (STRAIGHT ARM) ,HANG  FALSE GRIP,HANG ,FALSE GRIP,ISO.,alfa,1,2,MU,
PULL,PULL VERTICAL,PULL VERTICAL (BENT ARM) ,TOP BENT  FALSE GRIP RACK ,TOP BENT  FALSE GRIP,RACK ,ISO.,alfa,1,2,MU,
PULL,PULL VERTICAL,PULL VERTICAL (BENT ARM) ,MID BENT  FALSE GRIP RACK ,MID BENT  FALSE GRIP,RACK ,ISO.,alfa,1,2,MU,
PULL,PULL VERTICAL,PULL VERTICAL (BENT ARM) ,BOTTOM  DIP  RACK ,BOTTOM  DIP ,RACK ,ISO.,alfa,1,2,MU,
PULL,PULL VERTICAL,PULL VERTICAL (BENT ARM) ,STANDING MUSCLE UP  INCLINED ,STANDING MUSCLE UP ,INCLINED ,CON.,alfa,1,2,MU,
PULL,PULL VERTICAL,PULL VERTICAL (BENT ARM) ,STANDING MU TRANSITION INCLINED,STANDING MU TRANSITION,INCLINED,CON.,alfa,1,2,MU,
PULL,PULL VERTICAL,PULL VERTICAL (STRAIGHT ARM) ,RETRAC. BAR VERTICAL,RETRAC. BAR,VERTICAL,ISO.,alfa,1,2,OAP,
PULL,PULL VERTICAL,PULL VERTICAL (BENT ARM) ,RETRAC. BAR FLEX VERTICAL,RETRAC. BAR FLEX,VERTICAL,ISO.,alfa,1,2,OAP,
PULL,PULL VERTICAL,PULL VERTICAL (BENT ARM) ,PL.UP AUSTRALIAN,PL.UP,AUSTRALIAN,CON.,alfa,1,2,OAP,
PULL,PULL VERTICAL,PULL VERTICAL (BENT ARM) ,PL.UP RACK ,PL.UP,RACK ,CON.,alfa,1,2,OAP,
PULL,PULL VERTICAL,PULL VERTICAL (BENT ARM) ,PL.UP JUMPING,PL.UP,JUMPING,CON.,alfa,1,2,OAP,
PULL,PULL VERTICAL,PULL VERTICAL (BENT ARM) ,PL.UP MID  RACK ,PL.UP MID ,RACK ,ISO.,alfa,1,2,OAP,
PULL,PULL VERTICAL,PULL VERTICAL (BENT ARM) ,PL.UP TOP RACK ,PL.UP TOP,RACK ,ISO.,alfa,1,2,OAP,
PULL,PULL VERTICAL,PULL VERTICAL (BENT ARM) ,PL.UP ASSIST,PL.UP,ASSIST,EXC.,alfa,1,2,OAP,
PULL,PULL VERTICAL,PULL VERTICAL (BENT ARM) ,CH.UP ASSIST,CH.UP,ASSIST,EXC.,alfa,1,2,OAP,
PULL,PULL VERTICAL,PULL VERTICAL (BENT ARM) ,MUSCLE UP  RACK ,MUSCLE UP ,RACK ,EXC.,alfa,1,3,MU,
PULL,PULL VERTICAL,PULL VERTICAL (BENT ARM) ,MU TRANSITION RACK ,MU TRANSITION,RACK ,EXC.,alfa,1,3,MU,
PULL,PULL VERTICAL,PULL VERTICAL (BENT ARM) ,KIP PL.UP FALSE GRIP RACK ,KIP PL.UP FALSE GRIP,RACK ,EXC.,alfa,1,3,MU,
PULL,PULL VERTICAL,PULL VERTICAL (BENT ARM) ,FALSE GRIP PL.UP RACK,FALSE GRIP PL.UP,RACK,EXC.,alfa,1,3,MU,
PULL,PULL VERTICAL,PULL VERTICAL (BENT ARM) ,PL.UP MID  ASSIST,PL.UP MID ,ASSIST,ISO.,alfa,1,3,OAP,
PULL,PULL VERTICAL,PULL VERTICAL (BENT ARM) ,PL.UP TOP ASSIST,PL.UP TOP,ASSIST,ISO.,alfa,1,3,OAP,
PULL,PULL VERTICAL,PULL VERTICAL (BENT ARM) ,HANG CHANGE GRIP ASSIST,HANG CHANGE GRIP,ASSIST,CON.,alfa,1,3,OAP,
PULL,PULL VERTICAL,PULL VERTICAL (BENT ARM) ,PL.UP STRICT,PL.UP,STRICT,EXC.,alfa,1,3,OAP,
PULL,PULL VERTICAL,PULL VERTICAL (BENT ARM) ,CH.UP STRICT,CH.UP,STRICT,EXC.,alfa,1,3,OAP,
PULL,PULL VERTICAL,PULL VERTICAL (BENT ARM) ,PL.UP ASSISTED ,PL.UP,ASSISTED ,CON.,alfa,1,3,OAP,
PULL,PULL VERTICAL,PULL VERTICAL (BENT ARM) ,CH.UP ASSISTED ,CH.UP,ASSISTED ,CON.,alfa,1,3,OAP,
PULL,PULL VERTICAL,PULL VERTICAL (BENT ARM) ,PL.UP  WIDE,PL.UP ,WIDE,EXC.,alfa,1,3,OAP,
PULL,PULL VERTICAL,PULL VERTICAL (BENT ARM) ,BULGARIAN PL.UP RACK,BULGARIAN PL.UP,RACK,CON.,alfa,1,3,OAP,
PULL,PULL VERTICAL,PULL VERTICAL (BENT ARM) ,ARCHER PL.UP RACK,ARCHER PL.UP,RACK,EXC.,alfa,1,3,OAP,
PULL,PULL VERTICAL,PULL VERTICAL (BENT ARM) ,TYPERWITER PL.UP RACK,TYPERWITER PL.UP,RACK,EXC.,alfa,1,3,OAP,
PULL,PULL VERTICAL,PULL VERTICAL (BENT ARM) ,L SIT PL.UP STRICT,L SIT PL.UP,STRICT,EXC.,alfa,1,3,OAP,
PULL,PULL VERTICAL,PULL VERTICAL (BENT ARM) ,L SIT CH.UP STRICT,L SIT CH.UP,STRICT,EXC.,alfa,1,3,OAP,
PULL,PULL VERTICAL,PULL VERTICAL (BENT ARM) ,PL.UP COMMANDO,PL.UP,COMMANDO,EXC.,alfa,1,3,OAP,
PULL,PULL VERTICAL,PULL VERTICAL (BENT ARM) ,ASSISTED KIP MU RACK,ASSISTED KIP MU,RACK,CON.,delta,2,1,MU,
PULL,PULL VERTICAL,PULL VERTICAL (BENT ARM) ,ASSISTED MU TRANSITION RACK,ASSISTED MU TRANSITION,RACK,CON.,delta,2,1,MU,
PULL,PULL VERTICAL,PULL VERTICAL (BENT ARM) ,FALSE GRIP PL.UP RACK,FALSE GRIP PL.UP,RACK,CON.,delta,2,1,MU,
PULL,PULL VERTICAL,PULL VERTICAL (BENT ARM) ,PL.UP TOP STRICT,PL.UP TOP,STRICT,ISO.,delta,2,1,OAP,
PULL,PULL VERTICAL,PULL VERTICAL (BENT ARM) ,PL.UP MID  STRICT,PL.UP MID ,STRICT,ISO.,delta,2,1,OAP,
PULL,PULL VERTICAL,PULL VERTICAL (BENT ARM) ,CH.UP TOP L-SIT,CH.UP TOP,L-SIT,ISO.,delta,2,1,OAP,
PULL,PULL VERTICAL,PULL VERTICAL (BENT ARM) ,ARCHER PL.UP RACK,ARCHER PL.UP,RACK,CON.,delta,2,1,OAP,
PULL,PULL VERTICAL,PULL VERTICAL (BENT ARM) ,TYPERWITER PL.UP RACK,TYPERWITER PL.UP,RACK,CON.,delta,2,1,OAP,
PULL,PULL VERTICAL,PULL VERTICAL (BENT ARM) ,CH.UP MID  L-SIT,CH.UP MID ,L-SIT,ISO.,delta,2,1,OAP,
PULL,PULL VERTICAL,PULL VERTICAL (BENT ARM) ,PL.UP TOP L-SIT,PL.UP TOP,L-SIT,ISO.,delta,2,1,OAP,
PULL,PULL VERTICAL,PULL VERTICAL (BENT ARM) ,PL.UP MID  L-SIT,PL.UP MID ,L-SIT,ISO.,delta,2,1,OAP,
PULL,PULL VERTICAL,PULL VERTICAL (BENT ARM) ,PULL UP STRICT,PULL UP,STRICT,CON.,delta,2,1,OAP,
PULL,PULL VERTICAL,PULL VERTICAL (BENT ARM) ,CHIN UP STRICT,CHIN UP,STRICT,CON.,delta,2,1,OAP,
PULL,PULL VERTICAL,PULL VERTICAL (BENT ARM) ,HANG CHANGE GRIP STRICT,HANG CHANGE GRIP,STRICT,CON.,delta,2,1,OAP,
PULL,PULL VERTICAL,PULL VERTICAL (BENT ARM) ,ARCHER PL.UP ASSIST,ARCHER PL.UP,ASSIST,EXC.,delta,2,1,OAP,
PULL,PULL VERTICAL,PULL VERTICAL (BENT ARM) ,TYPERWITER PL.UP ASSIST,TYPERWITER PL.UP,ASSIST,EXC.,delta,2,1,OAP,
PULL,PULL VERTICAL,PULL VERTICAL (BENT ARM) ,PL.UP TOP WIDE,PL.UP TOP,WIDE,ISO.,delta,2,1,OAP,
PULL,PULL VERTICAL,PULL VERTICAL (BENT ARM) ,PL.UP MID  WIDE,PL.UP MID ,WIDE,ISO.,delta,2,1,OAP,
PULL,PULL VERTICAL,PULL VERTICAL (BENT ARM) ,PL.UP BULGARIAN,PL.UP,BULGARIAN,EXC.,delta,2,1,OAP,
PULL,PULL VERTICAL,PULL VERTICAL (BENT ARM) ,PL.UP COMMANDO,PL.UP,COMMANDO,CON.,delta,2,1,OAP,
PULL,PULL VERTICAL,PULL VERTICAL (BENT ARM) ,KIP MU RACK,KIP MU,RACK,CON.,delta,2,1,MU,
PULL,PULL VERTICAL,PULL VERTICAL (BENT ARM) ,MU TRANSITION RACK,MU TRANSITION,RACK,CON.,delta,2,2,MU,
PULL,PULL VERTICAL,PULL VERTICAL (BENT ARM) ,FALSE GRIP PL.UP VERTICAL,FALSE GRIP PL.UP,VERTICAL,EXC.,delta,2,2,MU,
PULL,PULL VERTICAL,PULL VERTICAL (BENT ARM) ,FALSE GRIP BA TOP VERTICAL,FALSE GRIP BA TOP,VERTICAL,ISO.,delta,2,2,MU,
PULL,PULL VERTICAL,PULL VERTICAL (BENT ARM) ,FALSE GRIP BA MID VERTICAL,FALSE GRIP BA MID,VERTICAL,ISO.,delta,2,2,MU,
PULL,PULL VERTICAL,PULL VERTICAL (BENT ARM) ,PL.UP ARCHER,PL.UP,ARCHER,EXC.,delta,2,2,OAP,
PULL,PULL VERTICAL,PULL VERTICAL (BENT ARM) ,PL.UP TYPEWRITER,PL.UP,TYPEWRITER,ISO.,delta,2,2,OAP,
PULL,PULL VERTICAL,PULL VERTICAL (BENT ARM) ,PL.UP BULGARIAN,PL.UP,BULGARIAN,CON.,delta,2,2,OAP,
PULL,PULL VERTICAL,PULL VERTICAL (BENT ARM) ,PULL OVER STRICT,PULL OVER,STRICT,CON.,delta,2,2,OAP,
PULL,PULL VERTICAL,PULL VERTICAL (BENT ARM) ,CHANGE GRIP MID STRICT,CHANGE GRIP MID,STRICT,CON.,delta,2,2,OAP,
PULL,PULL VERTICAL,PULL VERTICAL (BENT ARM) ,CHANGE GRIP TOP STRICT,CHANGE GRIP TOP,STRICT,CON.,delta,2,2,OAP,
PULL,PULL VERTICAL,PULL VERTICAL (BENT ARM) ,PL.UP WIDE,PL.UP,WIDE,CON.,delta,2,2,OAP,
PULL,PULL VERTICAL,PULL VERTICAL (BENT ARM) ,PL.UP L-SIT,PL.UP,L-SIT,CON.,delta,2,2,OAP,
PULL,PULL VERTICAL,PULL VERTICAL (BENT ARM) ,CH.UP L-SIT,CH.UP,L-SIT,CON.,delta,2,2,OAP,
PULL,PULL VERTICAL,PULL VERTICAL (BENT ARM) ,PL.UP EXPLOSIVE L-SIT,PL.UP EXPLOSIVE,L-SIT,CON.,delta,2,2,OAP,
PULL,PULL VERTICAL,PULL VERTICAL (BENT ARM) ,CH.UP EXPLOSIVE L-SIT,CH.UP EXPLOSIVE,L-SIT,CON.,delta,2,2,OAP,
PULL,PULL VERTICAL,PULL VERTICAL (BENT ARM) ,MUSCLE UP RINGS ASSISTED,MUSCLE UP RINGS,ASSISTED,EXC.,delta,2,3,MU,
PULL,PULL VERTICAL,PULL VERTICAL (BENT ARM) ,MU TRANSITION  ASSISTED,MU TRANSITION ,ASSISTED,EXC.,delta,2,3,MU,
PULL,PULL VERTICAL,PULL VERTICAL (BENT ARM) ,FALSE GRIP PL.UP VERTICAL,FALSE GRIP PL.UP,VERTICAL,CON.,delta,2,3,MU,
PULL,PULL VERTICAL,PULL VERTICAL (BENT ARM) ,FALSE GRIP BA TOP FLYS VERTICAL,FALSE GRIP BA TOP FLYS,VERTICAL,CON.,delta,2,3,MU,
PULL,PULL VERTICAL,PULL VERTICAL (BENT ARM) ,FALSE GRIP BA MID FLYS VERTICAL,FALSE GRIP BA MID FLYS,VERTICAL,CON.,delta,2,3,MU,
PULL,PULL VERTICAL,PULL VERTICAL (BENT ARM) ,PL.UP EXPLOSIVE BULGARIAN,PL.UP EXPLOSIVE,BULGARIAN,CON.,delta,2,3,OAP,
PULL,PULL VERTICAL,PULL VERTICAL (BENT ARM) ,PL.UP WIDE EXPLOSIVE,PL.UP WIDE,EXPLOSIVE,CON.,delta,2,3,OAP,
PULL,PULL VERTICAL,PULL VERTICAL (BENT ARM) ,PL.UP WIDE L-SIT,PL.UP WIDE,L-SIT,CON.,delta,2,3,OAP,
PULL,PULL VERTICAL,PULL VERTICAL (BENT ARM) ,BULGARIAN PL.UP L-SIT,BULGARIAN PL.UP,L-SIT,CON.,delta,2,3,OAP,
PULL,PULL VERTICAL,PULL VERTICAL (BENT ARM) ,PL.UP TYPEWRITER,PL.UP,TYPEWRITER,CON.,delta,2,3,OAP,
PULL,PULL VERTICAL,PULL VERTICAL (BENT ARM) ,PL.UP ARCHER,PL.UP,ARCHER,CON.,delta,2,3,OAP,
PULL,PULL VERTICAL,PULL VERTICAL (BENT ARM) ,PL.UP L-SIT TOP  ARCHER,PL.UP L-SIT TOP ,ARCHER,ISO.,sigma,3,1,OAP,
PULL,PULL VERTICAL,PULL VERTICAL (BENT ARM) ,PL.UP L-SIT MID  ARCHER,PL.UP L-SIT MID ,ARCHER,ISO.,sigma,3,1,OAP,
PULL,PULL VERTICAL,PULL VERTICAL (BENT ARM) ,PL.UP L-SIT ARCHER ,PL.UP L-SIT,ARCHER ,CON.,sigma,3,1,OAP,
PULL,PULL VERTICAL,PULL VERTICAL (BENT ARM) ,PL.UP WIDE TYPEWRITER,PL.UP WIDE,TYPEWRITER,CON.,sigma,3,1,OAP,
PULL,PULL VERTICAL,PULL VERTICAL (BENT ARM) ,MUSCLE UP  RINGS,MUSCLE UP ,RINGS,EXC.,sigma,3,1,MU,
PULL,PULL VERTICAL,PULL VERTICAL (BENT ARM) ,MU TRANSITION  RINGS,MU TRANSITION ,RINGS,EXC.,sigma,3,1,MU,
PULL,PULL VERTICAL,PULL VERTICAL (BENT ARM) ,RINGS SWING VERTICAL,RINGS SWING,VERTICAL,CON.,sigma,3,1,MU,
PULL,PULL VERTICAL,PULL VERTICAL (BENT ARM) ,RING SWING KIPPING MU ASSISTED,RING SWING KIPPING MU,ASSISTED,CON.,sigma,3,1,MU,
PULL,PULL VERTICAL,PULL VERTICAL (BENT ARM) ,MUSCLE UP RINGS ASSISTED,MUSCLE UP RINGS,ASSISTED,CON.,sigma,3,1,MU,
PULL,PULL VERTICAL,PULL VERTICAL (BENT ARM) ,PL.UP L-SIT EXPLOSIVE ARCHER,PL.UP L-SIT EXPLOSIVE,ARCHER,CON.,sigma,3,2,OAP,
PULL,PULL VERTICAL,PULL VERTICAL (BENT ARM) ,OA HANG RETRACCION STRICT,OA HANG RETRACCION,STRICT,CON.,sigma,3,2,OAP,
PULL,PULL VERTICAL,PULL VERTICAL (BENT ARM) ,OAP ASSISTED ,OAP,ASSISTED ,EXC.,sigma,3,2,OAP,
PULL,PULL VERTICAL,PULL VERTICAL (BENT ARM) ,OAC ASSISTED ,OAC,ASSISTED ,EXC.,sigma,3,2,OAP,
PULL,PULL VERTICAL,PULL VERTICAL (BENT ARM) ,OAP TOP ASSISTED ,OAP TOP,ASSISTED ,ISO.,sigma,3,2,OAP,
PULL,PULL VERTICAL,PULL VERTICAL (BENT ARM) ,OAP MID ASSISTED ,OAP MID,ASSISTED ,ISO.,sigma,3,2,OAP,
PULL,PULL VERTICAL,PULL VERTICAL (BENT ARM) ,OAC TOP ASSISTED ,OAC TOP,ASSISTED ,ISO.,sigma,3,2,OAP,
PULL,PULL VERTICAL,PULL VERTICAL (BENT ARM) ,OAC MID ASSISTED ,OAC MID,ASSISTED ,ISO.,sigma,3,2,OAP,
PULL,PULL VERTICAL,PULL VERTICAL (BENT ARM) ,OA HANG RETRACCION STRICT,OA HANG RETRACCION,STRICT,ISO.,sigma,3,2,OAP,
PULL,PULL VERTICAL,PULL VERTICAL (BENT ARM) ,OA HANG RETRACCION FLEX STRICT,OA HANG RETRACCION FLEX,STRICT,CON.,sigma,3,2,OAP,
PULL,PULL VERTICAL,PULL VERTICAL (BENT ARM) ,MUSCLE UP  RINGS,MUSCLE UP ,RINGS,CON.,sigma,3,2,MU,
PULL,PULL VERTICAL,PULL VERTICAL (BENT ARM) ,MU TRANSITION RINGS ASSISTED,MU TRANSITION RINGS,ASSISTED,CON.,sigma,3,2,MU,
PULL,PULL VERTICAL,PULL VERTICAL (BENT ARM) ,KIP SWING BAR,KIP SWING,BAR,CON.,sigma,3,2,MU,
PULL,PULL VERTICAL,PULL VERTICAL (BENT ARM) ,SWING KIPPING MU RINGS,SWING KIPPING MU,RINGS,CON.,sigma,3,2,MU,
PULL,PULL VERTICAL,PULL VERTICAL (BENT ARM) ,MUSCLE UP BAR ,MUSCLE UP BAR,,EXC.,sigma,3,2,MU,
PULL,PULL VERTICAL,PULL VERTICAL (BENT ARM) ,OAP ASSISTED FINGERS,OAP ASSISTED,FINGERS,CON.,omega,4,1,OAP,
PULL,PULL VERTICAL,PULL VERTICAL (BENT ARM) ,OAC ASSISTED FINGERS,OAC ASSISTED,FINGERS,CON.,omega,4,1,OAP,
PULL,PULL VERTICAL,PULL VERTICAL (BENT ARM) ,OAP TOP ASSISTED FINGERS,OAP TOP ASSISTED,FINGERS,ISO.,omega,4,1,OAP,
PULL,PULL VERTICAL,PULL VERTICAL (BENT ARM) ,OAP MID ASSISTED FINGERS,OAP MID ASSISTED,FINGERS,ISO.,omega,4,1,OAP,
PULL,PULL VERTICAL,PULL VERTICAL (BENT ARM) ,OAC TOP ASSISTED FINGERS,OAC TOP ASSISTED,FINGERS,ISO.,omega,4,1,OAP,
PULL,PULL VERTICAL,PULL VERTICAL (BENT ARM) ,OAC MID ASSISTED FINGERS,OAC MID ASSISTED,FINGERS,ISO.,omega,4,1,OAP,
PULL,PULL VERTICAL,PULL VERTICAL (BENT ARM) ,OA HANG RETRACCION FLEX STRICT,OA HANG RETRACCION FLEX,STRICT,ISO.,omega,4,1,OAP,
PULL,PULL VERTICAL,PULL VERTICAL (BENT ARM) ,MUSCLE UP WIDE RINGS,MUSCLE UP WIDE,RINGS,EXC.,omega,4,1,MU,
PULL,PULL VERTICAL,PULL VERTICAL (BENT ARM) ,MUSCLE UP TRANSITION RINGS,MUSCLE UP TRANSITION,RINGS,CON.,omega,4,1,MU,
PULL,PULL VERTICAL,PULL VERTICAL (BENT ARM) ,MUSCLE UP BAR,MUSCLE UP,BAR,CON.,omega,4,1,MU,
PULL,PULL VERTICAL,PULL VERTICAL (BENT ARM) ,SWING KIPPING MU BAR,SWING KIPPING MU,BAR,CON.,omega,4,1,MU,
PULL,PULL VERTICAL,PULL VERTICAL (BENT ARM) ,SLOW MUSCLE UP RINGS,SLOW MUSCLE UP,RINGS,CON.,omega,4,1,MU,
PULL,PULL VERTICAL,PULL VERTICAL (BENT ARM) ,OAP STRICT,OAP,STRICT,EXC.,omega,4,2,OAP,
PULL,PULL VERTICAL,PULL VERTICAL (BENT ARM) ,OAC STRICT,OAC,STRICT,EXC.,omega,4,2,OAP,
PULL,PULL VERTICAL,PULL VERTICAL (BENT ARM) ,OAP TOP  STRICT,OAP TOP ,STRICT,ISO.,omega,4,2,OAP,
PULL,PULL VERTICAL,PULL VERTICAL (BENT ARM) ,OAP MID  STRICT,OAP MID ,STRICT,ISO.,omega,4,2,OAP,
PULL,PULL VERTICAL,PULL VERTICAL (BENT ARM) ,OAC TOP  STRICT,OAC TOP ,STRICT,ISO.,omega,4,2,OAP,
PULL,PULL VERTICAL,PULL VERTICAL (BENT ARM) ,OAC MID  STRICT,OAC MID ,STRICT,ISO.,omega,4,2,OAP,
PULL,PULL VERTICAL,PULL VERTICAL (BENT ARM) ,MUSCLE UP RINGS WIDE,MUSCLE UP RINGS,WIDE,CON.,omega,4,2,MU,
PULL,PULL VERTICAL,PULL VERTICAL (BENT ARM) ,MUSCLE UP TRANSITION SLOW RINGS,MUSCLE UP TRANSITION SLOW,RINGS,CON.,omega,4,2,MU,
PULL,PULL VERTICAL,PULL VERTICAL (BENT ARM) ,MUSCLE UP EXPLOSIVE EXPLOSIVE,MUSCLE UP EXPLOSIVE,EXPLOSIVE,CON.,omega,4,2,MU,
PULL,PULL VERTICAL,PULL VERTICAL (BENT ARM) ,MUSCLE UP BAR SLOW,MUSCLE UP BAR,SLOW,CON.,omega,4,2,MU,
PULL,PULL VERTICAL,PULL VERTICAL (BENT ARM) ,FRONT ROLL RINGS,FRONT ROLL,RINGS,CON.,omega,4,2,MU,
PULL,PULL VERTICAL,PULL VERTICAL (BENT ARM) ,MUSCLE UP BAR WIDE,MUSCLE UP BAR,WIDE,EXC.,omega,4,2,MU,
PULL,PULL VERTICAL,PULL VERTICAL (BENT ARM) ,MUSCLE UP RINGS ARCHER,MUSCLE UP RINGS,ARCHER,EXC.,omega,4,2,MU,
PULL,PULL VERTICAL,PULL VERTICAL (BENT ARM) ,OAC STRICT,OAC,STRICT,CON.,spartan,5,1,OAP,
PULL,PULL VERTICAL,PULL VERTICAL (BENT ARM) ,OAP  STRICT,OAP ,STRICT,CON.,spartan,5,1,OAP,
PULL,PULL VERTICAL,PULL VERTICAL (BENT ARM) ,MUSCLE UP RINGS SLOW WIDE,MUSCLE UP RINGS SLOW,WIDE,CON.,spartan,5,1,MU,
PULL,PULL VERTICAL,PULL VERTICAL (BENT ARM) ,IRON CROSS RINGS,IRON CROSS,RINGS,ISO.,spartan,5,1,MU,
PULL,PULL VERTICAL,PULL VERTICAL (BENT ARM) ,MUSCLE UP BAR WEIGHTED,MUSCLE UP BAR,WEIGHTED,CON.,spartan,5,1,MU,
PULL,PULL VERTICAL,PULL VERTICAL (BENT ARM) ,MUSCLE UP TRANSITION BAR SLOW,MUSCLE UP TRANSITION BAR,SLOW,CON.,spartan,5,1,MU,
PULL,PULL VERTICAL,PULL VERTICAL (BENT ARM) ,BACK ROLL RINGS,BACK ROLL,RINGS,CON.,spartan,5,1,MU,
PULL,PULL VERTICAL,PULL VERTICAL (BENT ARM) ,MUSCLE UP BAR WIDE,MUSCLE UP BAR,WIDE,CON.,spartan,5,1,MU,
PULL,PULL VERTICAL,PULL VERTICAL (BENT ARM) ,MUSCLE UP RINGS ARCHER,MUSCLE UP RINGS,ARCHER,CON.,spartan,5,1,MU,
PUSH,PUSH HORIZONTAL,PUSH HORIZONTAL (BENT ARM),SCAPULAR P.U KNEE,SCAPULAR P.U,KNEE,CON.,alfa,1,1,OAPU,
PUSH,PUSH HORIZONTAL,PUSH HORIZONTAL (BENT ARM),P.U INCLINED,P.U,INCLINED,CON.,alfa,1,1,OAPU,
PUSH,PUSH HORIZONTAL,PUSH HORIZONTAL (BENT ARM),SHOULDER TAP KNEE,SHOULDER TAP,KNEE,CON.,alfa,1,1,OAPU,
PUSH,PUSH HORIZONTAL,PUSH HORIZONTAL (BENT ARM),P.U WIDE KNEE,P.U WIDE,KNEE,EXC.,alfa,1,1,OAPU,
PUSH,PUSH HORIZONTAL,PUSH HORIZONTAL (BENT ARM),P.U KNEE,P.U,KNEE,EXC.,alfa,1,1,OAPU,
PUSH,PUSH HORIZONTAL,PUSH HORIZONTAL (BENT ARM),DEEP P.U KNEE,DEEP P.U,KNEE,ISO.,alfa,1,1,OAPU,
PUSH,PUSH HORIZONTAL,PUSH HORIZONTAL (BENT ARM),P.U 90 KNEE,P.U 90,KNEE,ISO.,alfa,1,1,OAPU,
PUSH,PUSH HORIZONTAL,PUSH HORIZONTAL (BENT ARM),P.U KNEE,P.U,KNEE,CON.,alfa,1,2,OAPU,
PUSH,PUSH HORIZONTAL,PUSH HORIZONTAL (BENT ARM),P.U DEEP,P.U,DEEP,ISO.,alfa,1,2,OAPU,
PUSH,PUSH HORIZONTAL,PUSH HORIZONTAL (BENT ARM),P.U 90 HOR,P.U 90,HOR,ISO.,alfa,1,2,OAPU,
PUSH,PUSH HORIZONTAL,PUSH HORIZONTAL (BENT ARM),P.U SPARTAN KNEE,P.U SPARTAN,KNEE,CON.,alfa,1,2,OAPU,
PUSH,PUSH HORIZONTAL,PUSH HORIZONTAL (BENT ARM),P.U WIDE KNEE,P.U WIDE,KNEE,CON.,alfa,1,2,OAPU,
PUSH,PUSH HORIZONTAL,PUSH HORIZONTAL (BENT ARM),P.U HOR,P.U,HOR,EXC.,alfa,1,2,OAPU,
PUSH,PUSH HORIZONTAL,PUSH HORIZONTAL (BENT ARM),P.U CLAP KNEE,P.U CLAP,KNEE,CON.,alfa,1,2,OAPU,
PUSH,PUSH HORIZONTAL,PUSH HORIZONTAL (BENT ARM),P.U SUPINE KNEE,P.U SUPINE,KNEE,CON.,alfa,1,2,OAPU,
PUSH,PUSH HORIZONTAL,PUSH HORIZONTAL (BENT ARM),P.U WIDE HOR,P.U WIDE,HOR,EXC.,alfa,1,2,OAPU,
PUSH,PUSH HORIZONTAL,PUSH HORIZONTAL (BENT ARM),P.U HOR,P.U,HOR,CON.,alfa,1,3,OAPU,
PUSH,PUSH HORIZONTAL,PUSH HORIZONTAL (BENT ARM),P.U WIDE HOR,P.U WIDE,HOR,CON.,alfa,1,3,OAPU,
PUSH,PUSH HORIZONTAL,PUSH HORIZONTAL (BENT ARM),P.U SPARTAN WALK HOR,P.U SPARTAN WALK,HOR,CON.,alfa,1,3,OAPU,
PUSH,PUSH HORIZONTAL,PUSH HORIZONTAL (BENT ARM),P.U ARCHER KNEE,P.U ARCHER,KNEE,CON.,alfa,1,3,OAPU,
PUSH,PUSH HORIZONTAL,PUSH HORIZONTAL (BENT ARM),P.U TYPEWRITER KNEE,P.U TYPEWRITER,KNEE,CON.,alfa,1,3,OAPU,
PUSH,PUSH HORIZONTAL,PUSH HORIZONTAL (BENT ARM),P.U BULGARIAN DEEP HOR,P.U BULGARIAN DEEP,HOR,ISO.,alfa,1,3,OAPU,
PUSH,PUSH HORIZONTAL,PUSH HORIZONTAL (BENT ARM),P.U BULGARIAN 90 HOR,P.U BULGARIAN 90,HOR,ISO.,alfa,1,3,OAPU,
PUSH,PUSH HORIZONTAL,PUSH HORIZONTAL (BENT ARM),P.U BULGARIAN  HOR,P.U BULGARIAN ,HOR,EXC.,alfa,1,3,OAPU,
PUSH,PUSH HORIZONTAL,PUSH HORIZONTAL (BENT ARM),P.U SUPINE HOR,P.U SUPINE,HOR,EXC.,alfa,1,3,OAPU,
PUSH,PUSH HORIZONTAL,PUSH HORIZONTAL (BENT ARM),PUSH UP DECLINED,PUSH UP,DECLINED,EXC.,alfa,1,3,OAPU,
PUSH,PUSH HORIZONTAL,PUSH HORIZONTAL (BENT ARM),P.U DECLINED,P.U,DECLINED,CON.,delta,2,1,OAPU,
PUSH,PUSH HORIZONTAL,PUSH HORIZONTAL (BENT ARM),P.U  ARCHER,P.U ,ARCHER,EXC.,delta,2,1,OAPU,
PUSH,PUSH HORIZONTAL,PUSH HORIZONTAL (BENT ARM),P.U 90 ARCHER,P.U 90,ARCHER,ISO.,delta,2,1,OAPU,
PUSH,PUSH HORIZONTAL,PUSH HORIZONTAL (BENT ARM),P.U DEEP ARCHER,P.U DEEP,ARCHER,ISO.,delta,2,1,OAPU,
PUSH,PUSH HORIZONTAL,PUSH HORIZONTAL (BENT ARM),P.U BULGARIAN,P.U,BULGARIAN,CON.,delta,2,1,OAPU,
PUSH,PUSH HORIZONTAL,PUSH HORIZONTAL (BENT ARM),P.U JUMP SPARTAN,P.U JUMP,SPARTAN,CON.,delta,2,1,OAPU,
PUSH,PUSH HORIZONTAL,PUSH HORIZONTAL (BENT ARM),P.U CLAP HOR,P.U CLAP,HOR,CON.,delta,2,1,OAPU,
PUSH,PUSH HORIZONTAL,PUSH HORIZONTAL (BENT ARM),P.U WIDE DECLINED,P.U WIDE,DECLINED,CON.,delta,2,1,OAPU,
PUSH,PUSH HORIZONTAL,PUSH HORIZONTAL (BENT ARM),P.U TYPEWRITER HOR,P.U TYPEWRITER,HOR,CON.,delta,2,1,OAPU,
PUSH,PUSH HORIZONTAL,PUSH HORIZONTAL (BENT ARM),P.U WIDE JUMP HOR,P.U WIDE JUMP,HOR,CON.,delta,2,1,OAPU,
PUSH,PUSH HORIZONTAL,PUSH HORIZONTAL (BENT ARM),P.U SUPINE HOR,P.U SUPINE,HOR,CON.,delta,2,1,OAPU,
PUSH,PUSH HORIZONTAL,PUSH HORIZONTAL (BENT ARM),P.U SUPINE DECLINED,P.U SUPINE,DECLINED,CON.,delta,2,2,OAPU,
PUSH,PUSH HORIZONTAL,PUSH HORIZONTAL (BENT ARM),P.U SUPINE 90 DECLINED,P.U SUPINE 90,DECLINED,ISO.,delta,2,2,OAPU,
PUSH,PUSH HORIZONTAL,PUSH HORIZONTAL (BENT ARM),P.U SUPINE DEEP DECLINED,P.U SUPINE DEEP,DECLINED,ISO.,delta,2,2,OAPU,
PUSH,PUSH HORIZONTAL,PUSH HORIZONTAL (BENT ARM),P.U SLOW TEMPO,P.U SLOW,TEMPO,CON.,delta,2,2,OAPU,
PUSH,PUSH HORIZONTAL,PUSH HORIZONTAL (BENT ARM),P.U RINGS ARCHER,P.U RINGS,ARCHER,CON.,delta,2,2,OAPU,
PUSH,PUSH HORIZONTAL,PUSH HORIZONTAL (BENT ARM),P.U RINGS HOR,P.U RINGS,HOR,CON.,delta,2,2,OAPU,
PUSH,PUSH HORIZONTAL,PUSH HORIZONTAL (BENT ARM),P.U RINGS TEMPO HOR,P.U RINGS TEMPO,HOR,CON.,delta,2,2,OAPU,
PUSH,PUSH HORIZONTAL,PUSH HORIZONTAL (BENT ARM),P.U RINGS WIDE HOR,P.U RINGS WIDE,HOR,CON.,delta,2,2,OAPU,
PUSH,PUSH HORIZONTAL,PUSH HORIZONTAL (BENT ARM),P.U   TYPEWRITER,P.U  ,TYPEWRITER,CON.,delta,2,2,OAPU,
PUSH,PUSH HORIZONTAL,PUSH HORIZONTAL (BENT ARM),P.U RINGS 90 ARCHER,P.U RINGS 90,ARCHER,ISO.,delta,2,2,OAPU,
PUSH,PUSH HORIZONTAL,PUSH HORIZONTAL (BENT ARM),P.U RINGS DEEP ARCHER,P.U RINGS DEEP,ARCHER,ISO.,delta,2,2,OAPU,
PUSH,PUSH HORIZONTAL,PUSH HORIZONTAL (BENT ARM),P.U RINGS SUPINE HOR,P.U RINGS SUPINE,HOR,CON.,delta,2,2,OAPU,
PUSH,PUSH HORIZONTAL,PUSH HORIZONTAL (BENT ARM),P.U RINGS TYPWRITER,P.U RINGS,TYPWRITER,CON.,delta,2,3,OAPU,
PUSH,PUSH HORIZONTAL,PUSH HORIZONTAL (BENT ARM),P.U RINGS SUPINE ARCHER,P.U RINGS SUPINE,ARCHER,CON.,delta,2,3,OAPU,
PUSH,PUSH HORIZONTAL,PUSH HORIZONTAL (BENT ARM),P.U RINGS SUPINE DECLINED,P.U RINGS SUPINE,DECLINED,CON.,delta,2,3,OAPU,
PUSH,PUSH HORIZONTAL,PUSH HORIZONTAL (BENT ARM),P.U RINGS SUPINE 90 DECLINED,P.U RINGS SUPINE 90,DECLINED,ISO.,delta,2,3,OAPU,
PUSH,PUSH HORIZONTAL,PUSH HORIZONTAL (BENT ARM),P.U RINGS SUPINE DEEP DECLINED,P.U RINGS SUPINE DEEP,DECLINED,ISO.,delta,2,3,OAPU,
PUSH,PUSH HORIZONTAL,PUSH HORIZONTAL (BENT ARM),P.U RINGS SUPERMAN,P.U RINGS,SUPERMAN,CON.,delta,2,3,OAPU,
PUSH,PUSH HORIZONTAL,PUSH HORIZONTAL (BENT ARM),P.U RINGS FLY,P.U RINGS,FLY,CON.,delta,2,3,OAPU,
PUSH,PUSH HORIZONTAL,PUSH HORIZONTAL (BENT ARM),P.U PARTIAL PELICAN,P.U PARTIAL,PELICAN,CON.,delta,2,3,OAPU,
PUSH,PUSH HORIZONTAL,PUSH HORIZONTAL (BENT ARM),P.U RINGS DEEP ARCHER,P.U RINGS DEEP,ARCHER,CON.,delta,2,3,OAPU,
PUSH,PUSH HORIZONTAL,PUSH HORIZONTAL (BENT ARM),OAPU90 FINGER ASSIST,OAPU90 FINGER,ASSIST,ISO.,delta,2,3,OAPU,
PUSH,PUSH HORIZONTAL,PUSH HORIZONTAL (BENT ARM),OAPUDEEP FINGER ASSIST,OAPUDEEP FINGER,ASSIST,ISO.,delta,2,3,OAPU,
PUSH,PUSH HORIZONTAL,PUSH HORIZONTAL (BENT ARM),OAPUFINGER ASSISTED STRADDLE,OAPUFINGER ASSISTED,STRADDLE,EXC.,sigma,3,1,OAPU,
PUSH,PUSH HORIZONTAL,PUSH HORIZONTAL (BENT ARM),OAPU90 STRADDLE,OAPU90,STRADDLE,ISO.,sigma,3,1,OAPU,
PUSH,PUSH HORIZONTAL,PUSH HORIZONTAL (BENT ARM),OAPUDEEP STRADDLE,OAPUDEEP,STRADDLE,ISO.,sigma,3,1,OAPU,
PUSH,PUSH HORIZONTAL,PUSH HORIZONTAL (BENT ARM),P.U PELICAN INCLINED,P.U PELICAN,INCLINED,EXC.,sigma,3,1,OAPU,
PUSH,PUSH HORIZONTAL,PUSH HORIZONTAL (BENT ARM),OAPU STRADDLE,OAPU,STRADDLE,CON.,sigma,3,2,OAPU,
PUSH,PUSH HORIZONTAL,PUSH HORIZONTAL (BENT ARM),OAPURINGS 90 ASSIST,OAPURINGS 90,ASSIST,ISO.,sigma,3,2,OAPU,
PUSH,PUSH HORIZONTAL,PUSH HORIZONTAL (BENT ARM),OAPURINGS DEEP ASSIST,OAPURINGS DEEP,ASSIST,ISO.,sigma,3,2,OAPU,
PUSH,PUSH HORIZONTAL,PUSH HORIZONTAL (BENT ARM),P.U PELICAN  ASISSTED,P.U PELICAN ,ASISSTED,EXC.,sigma,3,2,OAPU,
PUSH,PUSH HORIZONTAL,PUSH HORIZONTAL (BENT ARM),OAPURINGS STRADDLE,OAPURINGS,STRADDLE,EXC.,omega,4,1,OAPU,
PUSH,PUSH HORIZONTAL,PUSH HORIZONTAL (BENT ARM),OAPURINGS 90 STRADDLE,OAPURINGS 90,STRADDLE,ISO.,omega,4,1,OAPU,
PUSH,PUSH HORIZONTAL,PUSH HORIZONTAL (BENT ARM),OAPURINGS DEEP STRADDLE,OAPURINGS DEEP,STRADDLE,ISO.,omega,4,1,OAPU,
PUSH,PUSH HORIZONTAL,PUSH HORIZONTAL (BENT ARM),PELICAN P.U MID RANGE HOR,PELICAN P.U MID RANGE,HOR,CON.,omega,4,1,OAPU,
PUSH,PUSH HORIZONTAL,PUSH HORIZONTAL (BENT ARM),OAPURINGS HOR,OAPURINGS,HOR,CON.,omega,4,2,OAPU,
PUSH,PUSH HORIZONTAL,PUSH HORIZONTAL (BENT ARM),OAPURINGS 90 HOR,OAPURINGS 90,HOR,ISO.,omega,4,2,OAPU,
PUSH,PUSH HORIZONTAL,PUSH HORIZONTAL (BENT ARM),OAPURINGS DEEP HOR,OAPURINGS DEEP,HOR,ISO.,omega,4,2,OAPU,
PUSH,PUSH HORIZONTAL,PUSH HORIZONTAL (BENT ARM),PELICAN P.U FULL RANGE HOR,PELICAN P.U FULL RANGE,HOR,CON.,omega,4,2,OAPU,
PUSH,PUSH VERTICAL,PUSH VERTICAL (BENT ARM) ,SHRUGS PIKE,SHRUGS,PIKE,CON.,alfa,1,1,HSPU,
PUSH,PUSH VERTICAL,PUSH VERTICAL (BENT ARM) ,SHOULDER TAPS PIKE,SHOULDER TAPS,PIKE,CON.,alfa,1,1,HSPU,
PUSH,PUSH VERTICAL,PUSH VERTICAL (BENT ARM) ,PARTIAL P.U PIKE,PARTIAL P.U,PIKE,CON.,alfa,1,1,HSPU,
PUSH,PUSH VERTICAL,PUSH VERTICAL (BENT ARM) ,WALL P.U PIKE,WALL P.U,PIKE,CON.,alfa,1,1,HSPU,
PUSH,PUSH VERTICAL,PUSH VERTICAL (BENT ARM) ,SHOULDER ELEVATION PIKE,SHOULDER ELEVATION,PIKE,ISO.,alfa,1,1,HSPU,
PUSH,PUSH VERTICAL,PUSH VERTICAL (BENT ARM) ,P.U 90 PIKE,P.U 90,PIKE,ISO.,alfa,1,1,HSPU,
PUSH,PUSH VERTICAL,PUSH VERTICAL (BENT ARM) ,BOX HSPU KNEE,BOX HSPU,KNEE,EXC.,alfa,1,1,HSPU,
PUSH,PUSH VERTICAL,PUSH VERTICAL (BENT ARM) ,BOX HSPU KNEE,BOX HSPU,KNEE,CON.,alfa,1,2,HSPU,
PUSH,PUSH VERTICAL ,PUSH VERTICAL (BENT ARM) ,BOX WIDE P.U PIKE,BOX WIDE P.U,PIKE,EXC.,alfa,1,2,HSPU,
PUSH,PUSH VERTICAL ,PUSH VERTICAL (BENT ARM) ,PU QUAD,PU,QUAD,CON.,alfa,1,2,HSPU,
PUSH,PUSH VERTICAL,PUSH VERTICAL (BENT ARM) ,P.U DEEP PIKE,P.U DEEP,PIKE,ISO.,alfa,1,2,HSPU,
PUSH,PUSH VERTICAL ,PUSH VERTICAL (BENT ARM) ,BOX WIDE P.U PIKE,BOX WIDE P.U,PIKE,CON.,alfa,1,3,HSPU,
PUSH,PUSH VERTICAL ,PUSH VERTICAL (BENT ARM) ,P.U BEAR,P.U,BEAR,CON.,alfa,1,3,HSPU,
PUSH,PUSH VERTICAL ,PUSH VERTICAL (BENT ARM) ,P.U PIKE,P.U,PIKE,EXC.,alfa,1,3,HSPU,
PUSH,PUSH VERTICAL ,PUSH VERTICAL (BENT ARM) ,BOX P.U PIKE,BOX P.U,PIKE,EXC.,alfa,1,3,HSPU,
PUSH,PUSH VERTICAL ,PUSH VERTICAL (BENT ARM) ,BOX WIDE P.U 90 PIKE,BOX WIDE P.U 90,PIKE,ISO.,alfa,1,3,HSPU,
PUSH,PUSH VERTICAL ,PUSH VERTICAL (BENT ARM) ,BOX WIDE P.U DEEP PIKE,BOX WIDE P.U DEEP,PIKE,ISO.,alfa,1,3,HSPU,
PUSH,PUSH VERTICAL ,PUSH VERTICAL (BENT ARM) ,BOX P.U PIKE,BOX P.U,PIKE,CON.,delta,2,1,HSPU,
PUSH,PUSH VERTICAL ,PUSH VERTICAL (BENT ARM) ,BOX P.U 90 PIKE,BOX P.U 90,PIKE,ISO.,delta,2,1,HSPU,
PUSH,PUSH VERTICAL ,PUSH VERTICAL (BENT ARM) ,BOX P.U DEEP PIKE,BOX P.U DEEP,PIKE,ISO.,delta,2,1,HSPU,
PUSH,PUSH VERTICAL ,PUSH VERTICAL (BENT ARM) ,P.U PIKE,P.U,PIKE,CON.,delta,2,1,HSPU,
PUSH,PUSH VERTICAL ,PUSH VERTICAL (BENT ARM) ,P.U WIDE PIKE,P.U WIDE,PIKE,CON.,delta,2,1,HSPU,
PUSH,PUSH VERTICAL ,PUSH VERTICAL (BENT ARM) ,P.U WIDE 90 PIKE,P.U WIDE 90,PIKE,ISO.,delta,2,1,HSPU,
PUSH,PUSH VERTICAL ,PUSH VERTICAL (BENT ARM) ,P.U WIDE DEEP PIKE,P.U WIDE DEEP,PIKE,ISO.,delta,2,1,HSPU,
PUSH,PUSH VERTICAL ,PUSH VERTICAL (BENT ARM) ,P.U TO 90  PIKE,P.U TO 90 ,PIKE,EXC.,delta,2,1,HSPU,
PUSH,PUSH VERTICAL ,PUSH VERTICAL (BENT ARM) ,P.U DEFICIT PIKE,P.U DEFICIT,PIKE,EXC.,delta,2,1,HSPU,
PUSH,PUSH VERTICAL ,PUSH VERTICAL (BENT ARM) ,ONE LEG PIKE P.U BOX,ONE LEG PIKE P.U,BOX,EXC.,delta,2,1,HSPU,
PUSH,PUSH VERTICAL ,PUSH VERTICAL (BENT ARM) ,P.U TO 90  PIKE,P.U TO 90 ,PIKE,CON.,delta,2,1,HSPU,
PUSH,PUSH VERTICAL ,PUSH VERTICAL (BENT ARM) ,P.U ARCHER PIKE,P.U ARCHER,PIKE,EXC.,delta,2,2,HSPU,
PUSH,PUSH VERTICAL ,PUSH VERTICAL (BENT ARM) ,P.U DEFICIT BOX PIKE,P.U DEFICIT BOX,PIKE,CON.,delta,2,2,HSPU,
PUSH,PUSH VERTICAL ,PUSH VERTICAL (BENT ARM) ,ONE LEG PIKE P.U 90 BOX,ONE LEG PIKE P.U 90,BOX,ISO.,delta,2,2,HSPU,
PUSH,PUSH VERTICAL ,PUSH VERTICAL (BENT ARM) ,ONE LEG PIKE P.U DEEP BOX,ONE LEG PIKE P.U DEEP,BOX,ISO.,delta,2,2,HSPU,
PUSH,PUSH VERTICAL ,PUSH VERTICAL (BENT ARM) ,ONE LEG PIKE P.U BOX,ONE LEG PIKE P.U,BOX,CON.,delta,2,2,HSPU,
PUSH,PUSH VERTICAL ,PUSH VERTICAL (BENT ARM) ,HSPU WIDE WALL ,HSPU WIDE,WALL ,EXC.,delta,2,2,HSPU,
PUSH,PUSH VERTICAL ,PUSH VERTICAL (BENT ARM) ,P.U ARCHER PIKE,P.U ARCHER,PIKE,CON.,delta,2,3,HSPU,
PUSH,PUSH VERTICAL ,PUSH VERTICAL (BENT ARM) ,P.U DEFICIT BOX EXPLOSIVE PIKE,P.U DEFICIT BOX EXPLOSIVE,PIKE,CON.,delta,2,3,HSPU,
PUSH,PUSH VERTICAL ,PUSH VERTICAL (BENT ARM) ,HSPU WIDE WALL ,HSPU WIDE,WALL ,CON.,delta,2,3,HSPU,
PUSH,PUSH VERTICAL ,PUSH VERTICAL (BENT ARM) ,HSPU WIDE DEEP WALL ,HSPU WIDE DEEP,WALL ,ISO.,delta,2,3,HSPU,
PUSH,PUSH VERTICAL ,PUSH VERTICAL (BENT ARM) ,HSPU WIDE 90 WALL ,HSPU WIDE 90,WALL ,ISO.,delta,2,3,HSPU,
PUSH,PUSH VERTICAL ,PUSH VERTICAL (BENT ARM) ,HSPU WALL ,HSPU,WALL ,EXC.,delta,2,3,HSPU,
PUSH,PUSH VERTICAL ,PUSH VERTICAL (BENT ARM) ,KIPPING HANDSTAND WALL ,KIPPING HANDSTAND,WALL ,CON.,delta,2,3,HSPU,
PUSH,PUSH VERTICAL ,PUSH VERTICAL (BENT ARM) ,P.U ARCHER RINGS PIKE,P.U ARCHER RINGS,PIKE,CON.,sigma,3,1,HSPU,
PUSH,PUSH VERTICAL ,PUSH VERTICAL (BENT ARM) ,P.U ARCHER RINGS 90 PIKE,P.U ARCHER RINGS 90,PIKE,ISO.,sigma,3,1,HSPU,
PUSH,PUSH VERTICAL ,PUSH VERTICAL (BENT ARM) ,P.U ARCHER RINGS DEEP PIKE,P.U ARCHER RINGS DEEP,PIKE,ISO.,sigma,3,1,HSPU,
PUSH,PUSH VERTICAL ,PUSH VERTICAL (BENT ARM) ,HSPU WALL ,HSPU,WALL ,CON.,sigma,3,1,HSPU,
PUSH,PUSH VERTICAL ,PUSH VERTICAL (BENT ARM) ,HSPU 90 WALL ,HSPU 90,WALL ,ISO.,sigma,3,1,HSPU,
PUSH,PUSH VERTICAL ,PUSH VERTICAL (BENT ARM) ,HSPU DEEP WALL ,HSPU DEEP,WALL ,ISO.,sigma,3,1,HSPU,
PUSH,PUSH VERTICAL ,PUSH VERTICAL (BENT ARM) ,HSPU FREE,HSPU,FREE,CON.,sigma,3,2,HSPU,
PUSH,PUSH VERTICAL ,PUSH VERTICAL (BENT ARM) ,HSPU WIDE FREE,HSPU WIDE,FREE,CON.,sigma,3,2,HSPU,
PUSH,PUSH VERTICAL ,PUSH VERTICAL (BENT ARM) ,KIPPING HANDSTAND FREE,KIPPING HANDSTAND,FREE,CON.,sigma,3,2,HSPU,
PUSH,PUSH VERTICAL ,PUSH VERTICAL (BENT ARM) ,HSPU DEFICIT WALL ,HSPU DEFICIT,WALL ,EXC.,sigma,3,2,HSPU,
PUSH,PUSH VERTICAL ,PUSH VERTICAL (BENT ARM) ,HSPU TO 90 TUCK  WALL ,HSPU TO 90 TUCK ,WALL ,EXC.,sigma,3,2,HSPU,
PUSH,PUSH VERTICAL ,PUSH VERTICAL (BENT ARM) ,HSPU TO 90 TUCK WALL ,HSPU TO 90 TUCK,WALL ,CON.,omega,4,1,HSPU,
PUSH,PUSH VERTICAL ,PUSH VERTICAL (BENT ARM) ,HSPU DEFICIT WALL ,HSPU DEFICIT,WALL ,CON.,omega,4,1,HSPU,
PUSH,PUSH VERTICAL ,PUSH VERTICAL (BENT ARM) ,HSPU WIDE DEFICIT WALL ,HSPU WIDE DEFICIT,WALL ,CON.,omega,4,1,HSPU,
PUSH,PUSH VERTICAL ,PUSH VERTICAL (BENT ARM) ,HSPU TO 90 STR  FREE,HSPU TO 90 STR ,FREE,EXC.,omega,4,1,HSPU,
PUSH,PUSH VERTICAL ,PUSH VERTICAL (BENT ARM) ,HSPU ARCHER WALL ,HSPU ARCHER,WALL ,EXC.,omega,4,2,HSPU,
PUSH,PUSH VERTICAL ,PUSH VERTICAL (BENT ARM) ,HSPU TO 90 STR. FREE,HSPU TO 90 STR.,FREE,CON.,omega,4,2,HSPU,
PUSH,PUSH VERTICAL ,PUSH VERTICAL (BENT ARM) ,HSPU TO 90 FULL FREE,HSPU TO 90 FULL,FREE,EXC.,omega,4,2,HSPU,
PUSH,PUSH VERTICAL ,PUSH VERTICAL (BENT ARM) ,HSPU ARCHER WALL ,HSPU ARCHER,WALL ,CON.,spartan,5,1,HSPU,
PUSH,PUSH VERTICAL ,PUSH VERTICAL (BENT ARM) ,HSPU TO 90 FULL FREE,HSPU TO 90 FULL,FREE,CON.,spartan,5,1,HSPU,
PUSH,PUSH VERTICAL ,PUSH VERTICAL (STRAIGHT ARM) ,PHS POSITION WALL ,PHS POSITION,WALL ,CON.,alfa,1,1,PHS,
PUSH,PUSH VERTICAL ,PUSH VERTICAL (STRAIGHT ARM) ,PIKE  FLOOR,PIKE ,FLOOR,ISO.,alfa,1,1,PHS,
PUSH,PUSH VERTICAL ,PUSH VERTICAL (STRAIGHT ARM) ,LEAN PIKE   FLOOR,LEAN PIKE  ,FLOOR,CON.,alfa,1,1,PHS,
PUSH,PUSH VERTICAL ,PUSH VERTICAL (STRAIGHT ARM) ,PIKE SHRUGS FLOOR,PIKE SHRUGS,FLOOR,ISO.,alfa,1,2,PHS,
PUSH,PUSH VERTICAL ,PUSH VERTICAL (STRAIGHT ARM) ,LEAN PIKE FLOOR,LEAN PIKE,FLOOR,ISO.,alfa,1,2,PHS,
PUSH,PUSH VERTICAL ,PUSH VERTICAL (STRAIGHT ARM) ,PIKE TO LEAN FLOOR,PIKE TO LEAN,FLOOR,CON.,alfa,1,3,PHS,
PUSH,PUSH VERTICAL ,PUSH VERTICAL (BENT ARM) ,FROG FLOOR,FROG,FLOOR,ISO.,alfa,1,3,PHS,
PUSH,PUSH VERTICAL ,PUSH VERTICAL (BENT ARM) ,SLIDE PRESS PIKE,SLIDE PRESS,PIKE,CON.,alfa,1,3,PHS,
PUSH,PUSH VERTICAL ,PUSH VERTICAL (BENT ARM) ,FROG FLOOR,FROG,FLOOR,CON.,delta,2,1,PHS,
PUSH,PUSH VERTICAL ,PUSH VERTICAL (BENT ARM) ,TUCK SWING  P-BARS,TUCK SWING ,P-BARS,CON.,delta,2,1,PHS,
PUSH,PUSH VERTICAL ,PUSH VERTICAL (BENT ARM) ,PIKE P.U TO HEADSTAND FLOOR,PIKE P.U TO HEADSTAND,FLOOR,EXC.,delta,2,1,PHS,
PUSH,PUSH VERTICAL ,PUSH VERTICAL (STRAIGHT ARM) ,VERTICAL PRESS BOX,VERTICAL PRESS,BOX,CON.,delta,2,1,PHS,
PUSH,PUSH VERTICAL ,PUSH VERTICAL (BENT ARM) ,HS TO HEADSTAND WALL ,HS TO HEADSTAND,WALL ,EXC.,delta,2,2,PHS,
PUSH,PUSH VERTICAL ,PUSH VERTICAL (BENT ARM) ,CROW  FLOOR,CROW ,FLOOR,ISO.,delta,2,2,PHS,
PUSH,PUSH VERTICAL ,PUSH VERTICAL (BENT ARM) ,CROW TO HEADSTAND FLOOR,CROW TO HEADSTAND,FLOOR,CON.,delta,2,2,PHS,
PUSH,PUSH VERTICAL ,PUSH VERTICAL (STRAIGHT ARM) ,FEET SUPPORT TUCK TO PIKE PRESS  FLOOR,FEET SUPPORT TUCK TO PIKE PRESS ,FLOOR,CON.,delta,2,2,PHS,
PUSH,PUSH VERTICAL ,PUSH VERTICAL (STRAIGHT ARM) ,VERTICAL PRESS TO HORIZONTAL BOX,VERTICAL PRESS TO HORIZONTAL,BOX,CON.,delta,2,2,PHS,
PUSH,PUSH VERTICAL ,PUSH VERTICAL (STRAIGHT ARM) ,CROW S.A FLOOR,CROW S.A,FLOOR,ISO.,delta,2,3,PHS,
PUSH,PUSH VERTICAL ,PUSH VERTICAL (BENT ARM) ,FROG PRESS TO HS FLOOR,FROG PRESS TO HS,FLOOR,CON.,delta,2,3,PHS,
PUSH,PUSH VERTICAL ,PUSH VERTICAL (STRAIGHT ARM) ,VERTICAL PRESS TO V BOX,VERTICAL PRESS TO V,BOX,CON.,delta,2,3,PHS,
PUSH,PUSH VERTICAL ,PUSH VERTICAL (BENT ARM) ,CROW PRESS TO HS FLOOR,CROW PRESS TO HS,FLOOR,CON.,delta,2,3,PHS,
PUSH,PUSH VERTICAL ,PUSH VERTICAL (STRAIGHT ARM) ,PIKE PRESS  BOX,PIKE PRESS ,BOX,CON.,delta,2,3,PHS,
PUSH,PUSH VERTICAL ,PUSH VERTICAL (STRAIGHT ARM) ,PRESS WALK FLOOR,PRESS WALK,FLOOR,CON.,delta,2,3,PHS,
PUSH,PUSH VERTICAL ,PUSH VERTICAL (STRAIGHT ARM) ,PIKE PRESS  BOX,PIKE PRESS ,BOX,ISO.,sigma,3,1,PHS,
PUSH,PUSH VERTICAL ,PUSH VERTICAL (STRAIGHT ARM) ,PIKE PRESS  P-BARS,PIKE PRESS ,P-BARS,CON.,sigma,3,1,PHS,
PUSH,PUSH VERTICAL ,PUSH VERTICAL (STRAIGHT ARM) ,PIKE STR AIR  FLOOR,PIKE STR AIR ,FLOOR,ISO.,sigma,3,1,PHS,
PUSH,PUSH VERTICAL ,PUSH VERTICAL (STRAIGHT ARM) ,L SIT TO PIKE PRESS P-BARS,L SIT TO PIKE PRESS,P-BARS,CON.,sigma,3,1,PHS,
PUSH,PUSH VERTICAL ,PUSH VERTICAL (BENT ARM) ,PIKE PUSH UP TO HS FLOOR,PIKE PUSH UP TO HS,FLOOR,CON.,sigma,3,1,PHS,
PUSH,PUSH VERTICAL ,PUSH VERTICAL (BENT ARM) ,TUCK PL B.A TO HS FLOOR,TUCK PL B.A TO HS,FLOOR,CON.,sigma,3,1,PHS,
PUSH,PUSH VERTICAL ,PUSH VERTICAL (STRAIGHT ARM) ,STR L-SIT TO AIR  P-BARS,STR L-SIT TO AIR ,P-BARS,ISO.,sigma,3,2,PHS,
PUSH,PUSH VERTICAL ,PUSH VERTICAL (STRAIGHT ARM) ,PIKE PRESS ELEVATE FEET FLOOR,PIKE PRESS ELEVATE FEET,FLOOR,CON.,sigma,3,2,PHS,
PUSH,PUSH VERTICAL ,PUSH VERTICAL (BENT ARM) ,PIKE PRESS P-BARS,PIKE PRESS,P-BARS,ISO.,sigma,3,2,PHS,
PUSH,PUSH VERTICAL ,PUSH VERTICAL (STRAIGHT ARM) ,TUCK PL S.A TO B.A PRESS HS FLOOR,TUCK PL S.A TO B.A PRESS HS,FLOOR,CON.,sigma,3,2,PHS,
PUSH,PUSH VERTICAL ,PUSH VERTICAL (STRAIGHT ARM) ,CROW S.A TO B.A PHS FLOOR,CROW S.A TO B.A PHS,FLOOR,CON.,sigma,3,2,PHS,
PUSH,PUSH VERTICAL ,PUSH VERTICAL (STRAIGHT ARM) , PL. PRESS WALL TUCK WALL , PL. PRESS WALL TUCK,WALL ,EXC.,sigma,3,2,PHS,
PUSH,PUSH VERTICAL ,PUSH VERTICAL (STRAIGHT ARM) , STR PHS WALL , STR PHS,WALL ,EXC.,sigma,3,2,PHS,
PUSH,PUSH VERTICAL ,PUSH VERTICAL (STRAIGHT ARM) ,STRADDLE PHS FREE,STRADDLE PHS,FREE,CON.,omega,4,1,PHS,
PUSH,PUSH VERTICAL ,PUSH VERTICAL (STRAIGHT ARM) ,PLANCHE PRESS TO HOLD WALL ,PLANCHE PRESS TO HOLD,WALL ,ISO.,omega,4,1,PHS,
PUSH,PUSH VERTICAL ,PUSH VERTICAL (STRAIGHT ARM) , PHS WALL , PHS,WALL ,EXC.,omega,4,1,PHS,
PUSH,PUSH VERTICAL ,PUSH VERTICAL (STRAIGHT ARM) ,PHS FREE,PHS,FREE,CON.,omega,4,2,PHS,
PUSH,PUSH VERTICAL ,PUSH VERTICAL (STRAIGHT ARM) ,PL TUCK PHS FREE,PL TUCK PHS,FREE,CON.,spartan,5,2,PHS,
PUSH,PUSH VERTICAL ,PUSH VERTICAL (STRAIGHT ARM) , PL ADV TUCK PHS WALL WALL , PL ADV TUCK PHS WALL,WALL ,EXC.,spartan,5,2,PHS,
PUSH,PUSH VERTICAL ,PUSH VERTICAL (STRAIGHT ARM) ,PL ADV TUCK PHS  FREE,PL ADV TUCK PHS ,FREE,CON.,spartan,5,1,PHS,
PUSH,PUSH VERTICAL ,PUSH VERTICAL (STRAIGHT ARM) , SUPER ADV TUCK PHS WALL WALL , SUPER ADV TUCK PHS WALL,WALL ,EXC.,spartan,5,1,PHS,
PUSH,PUSH VERTICAL ,PUSH VERTICAL (STRAIGHT ARM) ,SUPER ADV TUCK PHS  FREE,SUPER ADV TUCK PHS ,FREE,CON.,spartan,5,2,PHS,
PUSH,PUSH VERTICAL ,PUSH VERTICAL (STRAIGHT ARM) , STR PHS WALL WALL , STR PHS WALL,WALL ,EXC.,spartan,5,2,PHS,
PUSH,PUSH HORIZONTAL,PUSH HORIZONTAL (STRAIGHT ARM) ,PLANK  FLOOR,PLANK ,FLOOR,ISO.,alfa,1,1,PL,
PUSH,PUSH HORIZONTAL,PUSH HORIZONTAL (STRAIGHT ARM) ,PLANK SHRUGS FLOOR,PLANK SHRUGS,FLOOR,CON.,alfa,1,1,PL,
PUSH,PUSH HORIZONTAL,PUSH HORIZONTAL (STRAIGHT ARM) ,PLANK SIDE TO SIDE FLOOR,PLANK SIDE TO SIDE,FLOOR,ISO.,alfa,1,2,PL,
PUSH,PUSH HORIZONTAL,PUSH HORIZONTAL (STRAIGHT ARM) ,PLANK ROTATION FLOOR,PLANK ROTATION,FLOOR,ISO.,alfa,1,2,PL,
PUSH,PUSH HORIZONTAL,PUSH HORIZONTAL (STRAIGHT ARM) ,PLANK SUPP FLOOR,PLANK SUPP,FLOOR,ISO.,alfa,1,2,PL,
PUSH,PUSH HORIZONTAL,PUSH HORIZONTAL (STRAIGHT ARM) ,PLANK SUPP OL  FLOOR,PLANK SUPP OL ,FLOOR,ISO.,alfa,1,2,PL,
PUSH,PUSH HORIZONTAL,PUSH HORIZONTAL (STRAIGHT ARM) ,PLANK SUPINE FLOOR,PLANK SUPINE,FLOOR,ISO.,alfa,1,2,PL,
PUSH,PUSH HORIZONTAL,PUSH HORIZONTAL (STRAIGHT ARM) ,PLANK SUPERMAN FLOOR,PLANK SUPERMAN,FLOOR,ISO.,alfa,1,2,PL,
PUSH,PUSH HORIZONTAL,PUSH HORIZONTAL (STRAIGHT ARM) ,TUCK FEET SUPPORT FLOOR,TUCK FEET SUPPORT,FLOOR,ISO.,alfa,1,2,PL,
PUSH,PUSH HORIZONTAL,PUSH HORIZONTAL (STRAIGHT ARM) ,PLANK SUPP OA FLOOR,PLANK SUPP OA,FLOOR,ISO.,alfa,1,3,PL,
PUSH,PUSH HORIZONTAL,PUSH HORIZONTAL (STRAIGHT ARM) ,PL ,PL,,ISO.,alfa,1,3,PL,
PUSH,PUSH HORIZONTAL,PUSH HORIZONTAL (STRAIGHT ARM) ,ARIETES FLOOR,ARIETES,FLOOR,CON.,alfa,1,3,PL,
PUSH,PUSH HORIZONTAL,PUSH HORIZONTAL (STRAIGHT ARM) ,PL BLACK WIDOW,PL,BLACK WIDOW,CON.,alfa,1,3,PL,
PUSH,PUSH HORIZONTAL,PUSH HORIZONTAL (STRAIGHT ARM) ,PL LEAN SLIDE TO TUCK FLOOR,PL LEAN SLIDE TO TUCK,FLOOR,CON.,alfa,1,3,PL,
PUSH,PUSH HORIZONTAL,PUSH HORIZONTAL (STRAIGHT ARM) ,PL LEAN  OL,PL LEAN ,OL,ISO.,alfa,1,3,PL,
PUSH,PUSH HORIZONTAL,PUSH HORIZONTAL (BENT ARM) ,PLPU  PSEUDO,PLPU ,PSEUDO,ISO.,alfa,1,3,PL,
PUSH,PUSH HORIZONTAL,PUSH HORIZONTAL (BENT ARM) ,BA PL  TUCK,BA PL ,TUCK,ISO.,delta,2,1,PL,
PUSH,PUSH HORIZONTAL,PUSH HORIZONTAL (STRAIGHT ARM) ,PL  1-1  TUCK,PL  1-1 ,TUCK,CON.,delta,2,1,PL,
PUSH,PUSH HORIZONTAL,PUSH HORIZONTAL (STRAIGHT ARM) ,FROG TO TUCK  ,FROG TO TUCK ,,CON.,delta,2,1,PL,
PUSH,PUSH HORIZONTAL,PUSH HORIZONTAL (STRAIGHT ARM) ,TUCK PL PARALELAS ,TUCK PL PARALELAS,,ISO.,delta,2,1,PL,
PUSH,PUSH HORIZONTAL,PUSH HORIZONTAL (STRAIGHT ARM) ,CROW S.A TO TUCK PL ,CROW S.A TO TUCK PL,,CON.,delta,2,1,PL,
PUSH,PUSH HORIZONTAL,PUSH HORIZONTAL (STRAIGHT ARM) ,L-SIT TUCK TO TUCK PL ( PB )  ,L-SIT TUCK TO TUCK PL ( PB ) ,,CON.,delta,2,2,PL,
PUSH,PUSH HORIZONTAL,PUSH HORIZONTAL (STRAIGHT ARM) ,SWING TO TUCK ,SWING TO TUCK,,CON.,delta,2,2,PL,
PUSH,PUSH HORIZONTAL,PUSH HORIZONTAL (STRAIGHT ARM) ,PL TUCK FLOOR ,PL TUCK FLOOR,,ISO.,delta,2,2,PL,
PUSH,PUSH HORIZONTAL,PUSH HORIZONTAL (BENT ARM) ,BENT ARM ADV TUCK ,BENT ARM ADV TUCK,,ISO.,delta,2,2,PL,
PUSH,PUSH HORIZONTAL,PUSH HORIZONTAL (STRAIGHT ARM) ,SWING TO ADV TUCK ,SWING TO ADV TUCK,,CON.,delta,2,2,PL,
PUSH,PUSH HORIZONTAL,PUSH HORIZONTAL (STRAIGHT ARM) ,L SIT TO ADV TUCK ,L SIT TO ADV TUCK,,CON.,delta,2,2,PL,
PUSH,PUSH HORIZONTAL,PUSH HORIZONTAL (STRAIGHT ARM) ,ADV TUCK PL ( PB ) ,ADV TUCK PL ( PB ),,ISO.,delta,2,2,PL,
PUSH,PUSH HORIZONTAL,PUSH HORIZONTAL (BENT ARM) ,STR BENT ARM PL ,STR BENT ARM PL,,ISO.,delta,2,3,PL,
PUSH,PUSH HORIZONTAL,PUSH HORIZONTAL (STRAIGHT ARM) ,MALTESE PL LEAN ,MALTESE PL LEAN,,ISO.,delta,2,3,PL,
PUSH,PUSH HORIZONTAL,PUSH HORIZONTAL (STRAIGHT ARM) ,ADV TUCK PL ,ADV TUCK PL,,ISO.,delta,2,3,PL,
PUSH,PUSH HORIZONTAL,PUSH HORIZONTAL (STRAIGHT ARM) ,PL LEAN ,PL LEAN,,ISO.,delta,2,3,PL,
PUSH,PUSH HORIZONTAL,PUSH HORIZONTAL (BENT ARM) ,BA FULL PL ,BA FULL PL,,ISO.,sigma,3,1,PL,
PUSH,PUSH HORIZONTAL,PUSH HORIZONTAL (STRAIGHT ARM) ,MALTESE TUCK PL ,MALTESE TUCK PL,,ISO.,sigma,3,1,PL,
PUSH,PUSH HORIZONTAL,PUSH HORIZONTAL (STRAIGHT ARM) ,SUPER ADV PL ASSISTED. ,SUPER ADV PL ASSISTED.,,ISO.,sigma,3,1,PL,
PUSH,PUSH HORIZONTAL,PUSH HORIZONTAL (STRAIGHT ARM) ,SUPER ADV PL  ,SUPER ADV PL ,,ISO.,sigma,3,2,PL,
PUSH,PUSH HORIZONTAL,PUSH HORIZONTAL (STRAIGHT ARM) ,SWING TO SUPER ADV PL  ,SWING TO SUPER ADV PL ,,CON.,sigma,3,2,PL,
PUSH,PUSH HORIZONTAL,PUSH HORIZONTAL (STRAIGHT ARM) ,L SIT TO SUPER ADV PL  ,L SIT TO SUPER ADV PL ,,CON.,sigma,3,2,PL,
PUSH,PUSH HORIZONTAL,PUSH HORIZONTAL (STRAIGHT ARM) ,CASETA PL  ,CASETA PL ,,ISO.,omega,4,1,PL,
PUSH,PUSH HORIZONTAL,PUSH HORIZONTAL (STRAIGHT ARM) ,PL LEAN ,PL LEAN,,ISO.,omega,4,1,PL,
PUSH,PUSH HORIZONTAL,PUSH HORIZONTAL (STRAIGHT ARM) ,CASETA PL TO STR. ASSISTED ,CASETA PL TO STR. ASSISTED,,CON.,omega,4,2,PL,
PUSH,PUSH HORIZONTAL,PUSH HORIZONTAL (STRAIGHT ARM) ,STR PL ASSISTED ,STR PL ASSISTED,,ISO.,omega,4,2,PL,
PUSH,PUSH HORIZONTAL,PUSH HORIZONTAL (STRAIGHT ARM) ,STR PL  ,STR PL ,,ISO.,spartan,5,1,PL,
PUSH,PUSH HORIZONTAL,PUSH HORIZONTAL (STRAIGHT ARM) ,SWING TO STR PL ,SWING TO STR PL,,CON.,spartan,5,1,PL,
PUSH,PUSH HORIZONTAL,PUSH HORIZONTAL (STRAIGHT ARM) ,L SIT TO STR PL  ,L SIT TO STR PL ,,CON.,spartan,5,1,PL,
PUSH,PUSH HORIZONTAL,PUSH HORIZONTAL (STRAIGHT ARM) ,PL LEAN TO FULL (ASSISTED) ,PL LEAN TO FULL (ASSISTED),,ISO.,spartan,5,1,PL,
PUSH,PUSH HORIZONTAL,PUSH HORIZONTAL (STRAIGHT ARM) ,PL LEAN (SPARTAN) ,PL LEAN (SPARTAN),,ISO.,spartan,5,1,PL,
PUSH,PUSH HORIZONTAL,PUSH HORIZONTAL (STRAIGHT ARM) ,FULL PL ASSISTED ,FULL PL ASSISTED,,ISO.,spartan,5,2,PL,
MOVILIDAD,CORE POSTERIOR,GLUTES,RH TUCK  ,RH TUCK ,,CON.,alfa,1,1,REVERSE HYPER,PL
MOVILIDAD,CORE POSTERIOR,GLUTES,RH STR OL ,RH STR OL,,CON.,alfa,1,1,REVERSE HYPER,PL
MOVILIDAD,CORE POSTERIOR,GLUTES,RH TUCK TO STR ,RH TUCK TO STR,,CON.,alfa,1,2,REVERSE HYPER,PL
MOVILIDAD,CORE POSTERIOR,GLUTES,RH STR. DONKEY KICK ,RH STR. DONKEY KICK,,CON.,alfa,1,2,REVERSE HYPER,PL
MOVILIDAD,CORE POSTERIOR,GLUTES,RH HALF STR  ,RH HALF STR ,,ISO.,alfa,1,3,REVERSE HYPER,PL
MOVILIDAD,CORE POSTERIOR,GLUTES,RH HALF STR TO STR ,RH HALF STR TO STR,,CON.,alfa,1,3,REVERSE HYPER,PL
MOVILIDAD,CORE POSTERIOR,GLUTES,RH TUCK TO FULL ,RH TUCK TO FULL,,CON.,delta,2,1,REVERSE HYPER,PL
MOVILIDAD,CORE POSTERIOR,GLUTES,RH STR  ,RH STR ,,ISO.,delta,2,1,REVERSE HYPER,PL
MOVILIDAD,CORE POSTERIOR,GLUTES,RH STR ,RH STR,,CON.,delta,2,2,REVERSE HYPER,PL
MOVILIDAD,CORE POSTERIOR,GLUTES,RH FULL  ,RH FULL ,,ISO.,delta,2,2,REVERSE HYPER,PL
MOVILIDAD,CORE POSTERIOR,GLUTES,RH FULL ,RH FULL,,CON.,delta,2,2,REVERSE HYPER,PL
PUSH,PUSH HORIZONTAL,PUSH HORIZONTAL (BENT ARM) ,P.U TO LEAN PSEUDO,P.U TO LEAN,PSEUDO,CON.,delta,2,1,PLPU,
PUSH,PUSH HORIZONTAL,PUSH HORIZONTAL (BENT ARM) ,PL PU TO PIKE PSEUDO,PL PU TO PIKE,PSEUDO,CON.,delta,2,1,PLPU,
PUSH,PUSH HORIZONTAL,PUSH HORIZONTAL (BENT ARM) ,PL PU TUCK,PL PU,TUCK,EXC.,delta,2,1,PLPU,
PUSH,PUSH HORIZONTAL,PUSH HORIZONTAL (BENT ARM) ,PROTRACTED DIPS PROTRACTED,PROTRACTED DIPS,PROTRACTED,CON.,delta,2,1,PLPU,
PUSH,PUSH HORIZONTAL,PUSH HORIZONTAL (BENT ARM) ,PLPU PSEUDO,PLPU,PSEUDO,CON.,delta,2,1,PLPU,
PUSH,PUSH HORIZONTAL,PUSH HORIZONTAL (BENT ARM) ,PLPU TUCK,PLPU,TUCK,CON.,delta,2,2,PLPU,
PUSH,PUSH HORIZONTAL,PUSH HORIZONTAL (BENT ARM) ,PLPU SA TUCK TO ADV TUCK BA,PLPU,SA TUCK TO ADV TUCK BA,CON.,delta,2,2,PLPU,
PUSH,PUSH HORIZONTAL,PUSH HORIZONTAL (BENT ARM) ,PLPU ADV TUCK,PLPU,ADV TUCK,EXC.,delta,2,3,PLPU,
PUSH,PUSH HORIZONTAL,PUSH HORIZONTAL (BENT ARM) ,PLPU ADV TUCK,PLPU,ADV TUCK,CON.,sigma,3,1,PLPU,
PUSH,PUSH HORIZONTAL,PUSH HORIZONTAL (BENT ARM) ,PLPU ADV TUCK SA TO SUPER ADV BA ,PLPU,ADV TUCK SA TO SUPER ADV BA ,CON.,sigma,3,1,PLPU,
PUSH,PUSH HORIZONTAL,PUSH HORIZONTAL (BENT ARM) ,PLPU ADV TUCK,PLPU,ADV TUCK,CON.,sigma,3,2,PLPU,
PUSH,PUSH HORIZONTAL,PUSH HORIZONTAL (BENT ARM) ,PLPU CASETA,PLPU,CASETA,EXC.,sigma,3,2,PLPU,
PUSH,PUSH HORIZONTAL,PUSH HORIZONTAL (BENT ARM) ,PLPU SUPER ADVANCED TUCK,PLPU,SUPER ADVANCED TUCK,EXC.,sigma,3,2,PLPU,
PUSH,PUSH HORIZONTAL,PUSH HORIZONTAL (BENT ARM) ,PLPU SA CASETA TO BA STR ,PLPU,SA CASETA TO BA STR ,CON.,omega,4,1,PLPU,
PUSH,PUSH HORIZONTAL,PUSH HORIZONTAL (BENT ARM) ,PLPU  SUPER ADVANCED TUCK,PLPU ,SUPER ADVANCED TUCK,CON.,omega,4,1,PLPU,
PUSH,PUSH HORIZONTAL,PUSH HORIZONTAL (BENT ARM) ,PLPU CASETA,PLPU,CASETA,EXC.,omega,4,1,PLPU,
PUSH,PUSH HORIZONTAL,PUSH HORIZONTAL (BENT ARM) ,PLPU ASSISTED STR,PLPU ASSISTED,STR,CON.,omega,4,2,PLPU,
PUSH,PUSH HORIZONTAL,PUSH HORIZONTAL (BENT ARM) ,PLPU CASETA,PLPU,CASETA,CON.,omega,4,2,PLPU,
PUSH,PUSH HORIZONTAL,PUSH HORIZONTAL (BENT ARM) ,PLPU STR,PLPU,STR,EXC.,omega,4,2,PLPU,
PUSH,PUSH HORIZONTAL,PUSH HORIZONTAL (BENT ARM) ,PLPU STR,PLPU,STR,CON.,spartan,5,1,PLPU,
PUSH,PUSH HORIZONTAL,PUSH HORIZONTAL (BENT ARM) ,PLPU SA STR TO BA FULL,PLPU,SA STR TO BA FULL,CON.,spartan,5,1,PLPU,
PUSH,PUSH HORIZONTAL,PUSH HORIZONTAL (BENT ARM) ,PLPU ASSISTED FULL,PLPU ASSISTED,FULL,EXC.,spartan,5,1,PLPU,
PUSH,PUSH HORIZONTAL,PUSH HORIZONTAL (BENT ARM) ,PLPU ASSISTED FULL,PLPU ASSISTED,FULL,CON.,spartan,5,2,PLPU,
PUSH,PUSH HORIZONTAL,PUSH HORIZONTAL (BENT ARM) ,DIPS LEG ASSISTED BOX,DIPS LEG ASSISTED,BOX,CON.,alfa,1,1,HD/ID,
PUSH,PUSH HORIZONTAL,PUSH HORIZONTAL (BENT ARM) ,DIPS LEGS ON BOX,DIPS LEGS ON,BOX,EXC.,alfa,1,1,HD/ID,
PUSH,PUSH HORIZONTAL,PUSH HORIZONTAL (BENT ARM) ,DIPS LEGS ON BOX,DIPS LEGS ON,BOX,CON.,alfa,1,2,HD/ID,
PUSH,PUSH HORIZONTAL,PUSH HORIZONTAL (BENT ARM) ,DIPS JUMPING,DIPS,JUMPING,EXC.,alfa,1,2,HD/ID,
PUSH,PUSH HORIZONTAL,PUSH HORIZONTAL (BENT ARM) ,DIPS  P-BARS,DIPS ,P-BARS,EXC.,alfa,1,3,HD/ID,
PUSH,PUSH HORIZONTAL,PUSH HORIZONTAL (BENT ARM) ,DIPS JUMPING,DIPS,JUMPING,CON.,alfa,1,3,HD/ID,
PUSH,PUSH HORIZONTAL,PUSH HORIZONTAL (BENT ARM) ,DIP ASSISTED P-BARS,DIP ASSISTED,P-BARS,ISO.,alfa,1,3,HD/ID,
PUSH,PUSH HORIZONTAL,PUSH HORIZONTAL (BENT ARM) ,DIP SINGLE BAR,DIP,SINGLE BAR,EXC.,alfa,1,3,HD/ID,
PUSH,PUSH HORIZONTAL,PUSH HORIZONTAL (BENT ARM) ,DIP P-BARS,DIP,P-BARS,CON.,delta,2,1,HD/ID,
PUSH,PUSH HORIZONTAL,PUSH HORIZONTAL (BENT ARM) ,DIP SINGLE BAR,DIP,SINGLE BAR,CON.,delta,2,1,HD/ID,
PUSH,PUSH HORIZONTAL,PUSH HORIZONTAL (BENT ARM) ,DIP SUPINE SINGLE BAR,DIP SUPINE,SINGLE BAR,EXC.,delta,2,1,HD/ID,
PUSH,PUSH HORIZONTAL,PUSH HORIZONTAL (BENT ARM) ,DIP WIDE SINGLE BAR,DIP WIDE,SINGLE BAR,EXC.,delta,2,1,HD/ID,
PUSH,PUSH HORIZONTAL,PUSH HORIZONTAL (BENT ARM) ,NEUTRAL DIP RINGS,NEUTRAL DIP,RINGS,EXC.,delta,2,1,HD/ID,
PUSH,PUSH HORIZONTAL,PUSH HORIZONTAL (BENT ARM) ,DIP SUPINE SINGLE BAR,DIP SUPINE,SINGLE BAR,CON.,delta,2,2,HD/ID,
PUSH,PUSH HORIZONTAL,PUSH HORIZONTAL (BENT ARM) ,DIP WIDE SINGLE BAR,DIP WIDE,SINGLE BAR,CON.,delta,2,2,HD/ID,
PUSH,PUSH HORIZONTAL,PUSH HORIZONTAL (BENT ARM) ,NEUTRAL DIP RINGS,NEUTRAL DIP,RINGS,CON.,delta,2,2,HD/ID,
PUSH,PUSH HORIZONTAL,PUSH HORIZONTAL (BENT ARM) ,ARCHER DIPS ASSISTED RINGS,ARCHER DIPS ASSISTED,RINGS,EXC.,delta,2,2,HD/ID,
PUSH,PUSH HORIZONTAL,PUSH HORIZONTAL (BENT ARM) ,DIP SUPINE SINGLE BAR,DIP SUPINE,SINGLE BAR,ISO.,delta,2,2,HD/ID,
PUSH,PUSH HORIZONTAL,PUSH HORIZONTAL (BENT ARM) ,NEUTRAL DIP RINGS,NEUTRAL DIP,RINGS,ISO.,delta,2,2,HD/ID,
PUSH,PUSH HORIZONTAL,PUSH HORIZONTAL (BENT ARM) ,PROTRACTED DIP P-BARS,PROTRACTED DIP,P-BARS,ISO.,delta,2,3,HD/ID,
PUSH,PUSH HORIZONTAL,PUSH HORIZONTAL (BENT ARM) ,DIP WIDE RINGS,DIP WIDE,RINGS,ISO.,delta,2,3,HD/ID,
PUSH,PUSH HORIZONTAL,PUSH HORIZONTAL (BENT ARM) ,RUSSIAN DIP  P-BARS,RUSSIAN DIP ,P-BARS,EXC.,delta,2,3,HD/ID,
PUSH,PUSH HORIZONTAL,PUSH HORIZONTAL (BENT ARM) ,PROTRACTED DIP P-BARS,PROTRACTED DIP,P-BARS,CON.,delta,2,3,HD/ID,
PUSH,PUSH HORIZONTAL,PUSH HORIZONTAL (BENT ARM) ,ARCHER DIPS ASSISTED RINGS,ARCHER DIPS ASSISTED,RINGS,CON.,delta,2,3,HD/ID,
PUSH,PUSH HORIZONTAL,PUSH HORIZONTAL (BENT ARM) ,DIP WIDE RINGS,DIP WIDE,RINGS,CON.,delta,2,3,HD/ID,
PUSH,PUSH HORIZONTAL,PUSH HORIZONTAL (BENT ARM) ,RUSSIAN DIP P-BARS,RUSSIAN DIP,P-BARS,CON.,delta,2,3,HD/ID,
PUSH,PUSH HORIZONTAL,PUSH HORIZONTAL (BENT ARM) ,KOREAN DIP  NEUTRAL,KOREAN DIP ,NEUTRAL,EXC.,delta,2,3,HD/ID,
PUSH,PUSH HORIZONTAL,PUSH HORIZONTAL (BENT ARM) , DIP SUPINE RINGS, DIP SUPINE,RINGS,EXC.,delta,2,3,HD/ID,
PUSH,PUSH HORIZONTAL,PUSH HORIZONTAL (BENT ARM) ,BULGARIAN DIP RINGS,BULGARIAN DIP,RINGS,EXC.,delta,2,3,HD/ID,
PUSH,PUSH HORIZONTAL,PUSH HORIZONTAL (BENT ARM) ,KOREAN DIP  NEUTRAL,KOREAN DIP ,NEUTRAL,ISO.,sigma,3,1,HD/ID,
PUSH,PUSH HORIZONTAL,PUSH HORIZONTAL (BENT ARM) ,DIP SUPINE RINGS,DIP SUPINE,RINGS,ISO.,sigma,3,1,HD/ID,
PUSH,PUSH HORIZONTAL,PUSH HORIZONTAL (BENT ARM) ,BULGARIAN DIP P-BARS,BULGARIAN DIP,P-BARS,ISO.,sigma,3,1,HD/ID,
PUSH,PUSH HORIZONTAL,PUSH HORIZONTAL (BENT ARM) ,KOREAN DIP  NEUTRAL,KOREAN DIP ,NEUTRAL,CON.,sigma,3,1,HD/ID,
PUSH,PUSH HORIZONTAL,PUSH HORIZONTAL (BENT ARM) ,DIP SUPINE RINGS,DIP SUPINE,RINGS,CON.,sigma,3,1,HD/ID,
PUSH,PUSH HORIZONTAL,PUSH HORIZONTAL (BENT ARM) ,L-SIT RUSSIAN DIP  P-BARS,L-SIT RUSSIAN DIP ,P-BARS,CON.,sigma,3,1,HD/ID,
PUSH,PUSH HORIZONTAL,PUSH HORIZONTAL (BENT ARM) ,BULGARIAN DIP P-BARS,BULGARIAN DIP,P-BARS,CON.,sigma,3,1,HD/ID,
PUSH,PUSH HORIZONTAL,PUSH HORIZONTAL (BENT ARM) ,HUNGARIAN DIP P-BARS,HUNGARIAN DIP,P-BARS,EXC.,sigma,3,2,HD/ID,
PUSH,PUSH HORIZONTAL,PUSH HORIZONTAL (BENT ARM) ,ARCHER DIP RINGS,ARCHER DIP,RINGS,EXC.,sigma,3,2,HD/ID,
PUSH,PUSH HORIZONTAL,PUSH HORIZONTAL (BENT ARM) ,KOREAN DIP SUPINE BAR,KOREAN DIP SUPINE,BAR,EXC.,sigma,3,2,HD/ID,
PUSH,PUSH HORIZONTAL,PUSH HORIZONTAL (BENT ARM) ,IMPOSSIBLE DIP ASSISTED P-BARS,IMPOSSIBLE DIP ASSISTED,P-BARS,EXC.,sigma,3,2,HD/ID,
PUSH,PUSH HORIZONTAL,PUSH HORIZONTAL (BENT ARM) ,HUNGARIAN DIP P-BARS,HUNGARIAN DIP,P-BARS,ISO.,sigma,3,2,HD/ID,
PUSH,PUSH HORIZONTAL,PUSH HORIZONTAL (BENT ARM) ,ARCHER DIP RINGS,ARCHER DIP,RINGS,ISO.,sigma,3,2,HD/ID,
PUSH,PUSH HORIZONTAL,PUSH HORIZONTAL (BENT ARM) ,KOREAN DIP SUPINE BAR,KOREAN DIP SUPINE,BAR,ISO.,sigma,3,2,HD/ID,
PUSH,PUSH HORIZONTAL,PUSH HORIZONTAL (BENT ARM) ,HUNGARIAN DIP P-BARS,HUNGARIAN DIP,P-BARS,CON.,sigma,3,2,HD/ID,
PUSH,PUSH HORIZONTAL,PUSH HORIZONTAL (BENT ARM) ,ARCHER DIP RINGS,ARCHER DIP,RINGS,CON.,sigma,3,2,HD/ID,
PUSH,PUSH HORIZONTAL,PUSH HORIZONTAL (BENT ARM) ,KOREAN DIP SUPINE BAR,KOREAN DIP SUPINE,BAR,CON.,sigma,3,2,HD/ID,
PUSH,PUSH HORIZONTAL,PUSH HORIZONTAL (BENT ARM) ,IMPOSSIBLE DIP ASSISTED P-BARS,IMPOSSIBLE DIP ASSISTED,P-BARS,CON.,sigma,3,2,HD/ID,
PUSH,PUSH HORIZONTAL,PUSH HORIZONTAL (BENT ARM) ,RUSSIAN DIP RINGS,RUSSIAN DIP,RINGS,EXC.,sigma,3,2,HD/ID,
PUSH,PUSH HORIZONTAL,PUSH HORIZONTAL (BENT ARM) ,SUPINE  DIP RINGS,SUPINE  DIP,RINGS,EXC.,omega,4,1,HD/ID,
PUSH,PUSH HORIZONTAL,PUSH HORIZONTAL (BENT ARM) ,RUSSIAN DIP RINGS,RUSSIAN DIP,RINGS,CON.,omega,4,1,HD/ID,
PUSH,PUSH HORIZONTAL,PUSH HORIZONTAL (BENT ARM) ,SUPINE DIP RINGS,SUPINE DIP,RINGS,EXC.,omega,4,1,HD/ID,
PUSH,PUSH HORIZONTAL,PUSH HORIZONTAL (BENT ARM) ,INCLINED DIP P-BARS,INCLINED DIP,P-BARS,EXC.,omega,4,1,HD/ID,
PUSH,PUSH HORIZONTAL,PUSH HORIZONTAL (BENT ARM) ,SUPINE RING DIP RINGS,SUPINE RING DIP,RINGS,EXC.,omega,4,1,HD/ID,
PUSH,PUSH HORIZONTAL,PUSH HORIZONTAL (BENT ARM) ,ARCHER SUPINE DIP RINGS,ARCHER SUPINE DIP,RINGS,EXC.,omega,4,2,HD/ID,
PUSH,PUSH HORIZONTAL,PUSH HORIZONTAL (BENT ARM) ,INCLINED DIP P-BARS,INCLINED DIP,P-BARS,ISO.,omega,4,2,HD/ID,
PUSH,PUSH HORIZONTAL,PUSH HORIZONTAL (BENT ARM) ,INCLINED DIP P-BARS,INCLINED DIP,P-BARS,CON.,omega,4,2,HD/ID,
PUSH,PUSH HORIZONTAL,PUSH HORIZONTAL (BENT ARM) ,SUPINE  DIP RINGS,SUPINE  DIP,RINGS,CON.,omega,4,2,HD/ID,
PUSH,PUSH HORIZONTAL,PUSH HORIZONTAL (BENT ARM) ,IMPOSSIBLE DIP P-BARS,IMPOSSIBLE DIP,P-BARS,EXC.,spartan,5,1,HD/ID,
PUSH,PUSH HORIZONTAL,PUSH HORIZONTAL (BENT ARM) ,SUPINE INCLINED DIP RINGS,SUPINE INCLINED DIP,RINGS,ISO.,spartan,5,1,HD/ID,
PUSH,PUSH HORIZONTAL,PUSH HORIZONTAL (BENT ARM) ,ARCHER SUPINE DIP RINGS,ARCHER SUPINE DIP,RINGS,ISO.,spartan,5,1,HD/ID,
PUSH,PUSH HORIZONTAL,PUSH HORIZONTAL (BENT ARM) ,SUPINE INCLINED DIP RINGS,SUPINE INCLINED DIP,RINGS,CON.,spartan,5,1,HD/ID,
PUSH,PUSH HORIZONTAL,PUSH HORIZONTAL (BENT ARM) ,ARCHER SUPINE DIP RINGS,ARCHER SUPINE DIP,RINGS,CON.,spartan,5,1,HD/ID,
PUSH,PUSH HORIZONTAL,PUSH HORIZONTAL (BENT ARM) ,HEFESTO/PELICAN DIP RINGS,HEFESTO/PELICAN DIP,RINGS,EXC.,spartan,5,2,HD/ID,
PUSH,PUSH HORIZONTAL,PUSH HORIZONTAL (BENT ARM) ,HEFESTO/PELICAN DIP RINGS,HEFESTO/PELICAN DIP,RINGS,ISO.,spartan,5,2,HD/ID,
PUSH,PUSH HORIZONTAL,PUSH HORIZONTAL (BENT ARM) ,IMPOSSIBLE DIP  P-BARS,IMPOSSIBLE DIP ,P-BARS,ISO.,spartan,5,2,HD/ID,
PUSH,PUSH HORIZONTAL,PUSH HORIZONTAL (BENT ARM) ,HEFESTO/PELICAN DIP RINGS,HEFESTO/PELICAN DIP,RINGS,CON.,spartan,5,2,HD/ID,
PUSH,PUSH HORIZONTAL,PUSH HORIZONTAL (BENT ARM) ,IMPOSSIBLE DIP  P-BARS,IMPOSSIBLE DIP ,P-BARS,CON.,spartan,5,2,HD/ID,
PULL,CORE,PUSH HORIZONTAL POSTERIOR (STRAIGHT ARM) ,PIKE PULSE  SIT,PIKE PULSE ,SIT,CON.,alfa,1,1,MN/RP,
PULL,PULL HORIZONTAL,PULL HORIZONTAL POSTERIOR (STRAIGHT ARM) ,SCAPULA PRESS  L-SIT,SCAPULA PRESS ,L-SIT,CON.,alfa,1,1,MN/RP,
PULL,PULL HORIZONTAL,PULL HORIZONTAL POSTERIOR (STRAIGHT ARM) ,L-SIT TUCK,L-SIT,TUCK,CON.,alfa,1,1,MN/RP,
PULL,PULL HORIZONTAL,PULL HORIZONTAL POSTERIOR (STRAIGHT ARM) ,SCAPULA PRESS 1-1 L-SIT,SCAPULA PRESS 1-1,L-SIT,CON.,alfa,1,2,MN/RP,
PULL,PULL HORIZONTAL,PULL HORIZONTAL POSTERIOR (STRAIGHT ARM) ,L-SIT OL  TUCK,L-SIT OL ,TUCK,ISO.,alfa,1,3,MN/RP,
PULL,PULL HORIZONTAL,PULL HORIZONTAL POSTERIOR (STRAIGHT ARM) ,L-SIT TO TUCK,L-SIT TO,TUCK,CON.,delta,2,1,MN/RP,
PULL,PULL HORIZONTAL,PULL HORIZONTAL POSTERIOR (STRAIGHT ARM) ,LIFTS  L-SIT,LIFTS ,L-SIT,CON.,delta,2,1,MN/RP,
PULL,PULL HORIZONTAL,PULL HORIZONTAL POSTERIOR (STRAIGHT ARM) ,L-SIT  ,L-SIT ,,ISO.,delta,2,2,MN/RP,
PULL,PULL HORIZONTAL,PULL HORIZONTAL POSTERIOR (STRAIGHT ARM) ,SCISSORS UP L-SIT,SCISSORS UP,L-SIT,CON.,delta,2,2,MN/RP,
PULL,PULL HORIZONTAL,PULL HORIZONTAL POSTERIOR (STRAIGHT ARM) ,SCISSORS OUT L-SIT,SCISSORS OUT,L-SIT,CON.,delta,2,2,MN/RP,
PULL,PULL HORIZONTAL,PULL HORIZONTAL POSTERIOR (STRAIGHT ARM) ,L-SIT TUCK STR,L-SIT,TUCK STR,ISO.,delta,2,2,MN/RP,
PULL,PULL HORIZONTAL,PULL HORIZONTAL POSTERIOR (STRAIGHT ARM) ,L-SIT TUCK STR,L-SIT,TUCK STR,CON.,delta,2,2,MN/RP,
PULL,PULL HORIZONTAL,PULL HORIZONTAL POSTERIOR (STRAIGHT ARM) ,L-SIT LIFTS TO V-SIT,L-SIT LIFTS TO,V-SIT,CON.,delta,2,3,MN/RP,
PULL,PULL HORIZONTAL,PULL HORIZONTAL POSTERIOR (STRAIGHT ARM) ,L-SIT 1-1 TUCK STR,L-SIT 1-1,TUCK STR,ISO.,delta,2,3,MN/RP,
PULL,PULL HORIZONTAL,PULL HORIZONTAL POSTERIOR (STRAIGHT ARM) ,L-SIT DOUBLE EXTENSION STR,L-SIT DOUBLE EXTENSION,STR,CON.,sigma,3,1,MN/RP,
PULL,PULL HORIZONTAL,PULL HORIZONTAL POSTERIOR (STRAIGHT ARM) ,REVERSE PLANCHE TUCK  STR,REVERSE PLANCHE TUCK ,STR,CON.,sigma,3,1,MN/RP,
PULL,PULL HORIZONTAL,PULL HORIZONTAL POSTERIOR (STRAIGHT ARM) ,V-SIT TUCK ,V-SIT,TUCK ,CON.,sigma,3,1,MN/RP,
PULL,PULL HORIZONTAL,PULL HORIZONTAL POSTERIOR (STRAIGHT ARM) ,L-SIT  STR,L-SIT ,STR,ISO.,sigma,3,1,MN/RP,
PULL,PULL HORIZONTAL,PULL HORIZONTAL POSTERIOR (STRAIGHT ARM) ,REVERSE PLANCHE DOUBLE EXT. STR,REVERSE PLANCHE DOUBLE EXT.,STR,CON.,sigma,3,2,MN/RP,
PULL,PULL HORIZONTAL,PULL HORIZONTAL POSTERIOR (STRAIGHT ARM) ,V-SIT  ,V-SIT ,,ISO.,sigma,3,2,MN/RP,
PULL,PULL HORIZONTAL,PULL HORIZONTAL POSTERIOR (STRAIGHT ARM) ,V-SIT PRESS ,V-SIT PRESS,,CON.,omega,4,1,MN/RP,
PULL,PULL HORIZONTAL,PULL HORIZONTAL POSTERIOR (STRAIGHT ARM) ,REVERSE PLANCHE  STR,REVERSE PLANCHE ,STR,ISO.,omega,4,1,MN/RP,
PULL,PULL HORIZONTAL,PULL HORIZONTAL POSTERIOR (STRAIGHT ARM) ,V-SIT SCISSORS ,V-SIT SCISSORS,,CON.,omega,4,2,MN/RP,
PULL,PULL HORIZONTAL,PULL HORIZONTAL POSTERIOR (STRAIGHT ARM) ,REVERSE PLANCHE PRESS STR,REVERSE PLANCHE PRESS,STR,CON.,omega,4,2,MN/RP,
PULL,PULL HORIZONTAL,PULL HORIZONTAL POSTERIOR (STRAIGHT ARM) ,MANNA ON BOX ,MANNA ON BOX,,ISO.,spartan,5,1,MN/RP,
PULL,PULL HORIZONTAL,PULL HORIZONTAL POSTERIOR (STRAIGHT ARM) ,REVERSE PLANCHE  (ASSISTED) STR,REVERSE PLANCHE  (ASSISTED),STR,ISO.,spartan,5,1,MN/RP,
PULL,PULL HORIZONTAL,PULL HORIZONTAL POSTERIOR (STRAIGHT ARM) ,MANNA PRESS ,MANNA PRESS,,CON.,spartan,5,2,MN/RP,
PULL,PULL HORIZONTAL,PULL HORIZONTAL POSTERIOR (STRAIGHT ARM) ,REVERSE PLANCHE (ASSISTED)  ,REVERSE PLANCHE (ASSISTED) ,,ISO.,spartan,5,2,MN/RP,
MOVILIDAD,HIP DOMINANT,PIKE,PIKE STANDING  ,PIKE STANDING ,,ISO.,alfa,1,1,PIKE,MN
MOVILIDAD,HIP DOMINANT,PIKE,STR PIKE STANDING  ,STR PIKE STANDING ,,ISO.,alfa,1,1,PIKE,MN
MOVILIDAD,HIP DOMINANT,PIKE,PIKE STANDING ,PIKE STANDING,,CON.,alfa,1,2,PIKE,MN
MOVILIDAD,HIP DOMINANT,PIKE,STR PIKE STANDING ,STR PIKE STANDING,,CON.,alfa,1,2,PIKE,MN
MOVILIDAD,HIP DOMINANT,PIKE,PIKE STANDING ,PIKE STANDING,,CON.,alfa,1,2,PIKE,MN
MOVILIDAD,HIP DOMINANT,PIKE,STANDING WINDMILL ,STANDING WINDMILL,,CON.,alfa,1,3,PIKE,MN
MOVILIDAD,HIP DOMINANT,PIKE,STR JEFFERSON CURL ,STR JEFFERSON CURL,,CON.,alfa,1,3,PIKE,MN
MOVILIDAD,HIP DOMINANT,PIKE,JEFFERSON CURL ,JEFFERSON CURL,,CON.,alfa,1,3,PIKE,MN
MOVILIDAD,HIP DOMINANT,PIKE,WEIGHTED DEFICIT PIKE HANG ,WEIGHTED DEFICIT PIKE HANG,,CON.,alfa,1,3,PIKE,MN
MOVILIDAD,HIP DOMINANT,PIKE,BOX PIKE HANG ,BOX PIKE HANG,,ISO.,delta,2,1,PIKE,MN
MOVILIDAD,HIP DOMINANT,PIKE,STR BOX PIKE HANG ,STR BOX PIKE HANG,,ISO.,delta,2,1,PIKE,MN
MOVILIDAD,HIP DOMINANT,PIKE,BOX PIKE SQUAT  ,BOX PIKE SQUAT ,,CON.,delta,2,2,PIKE,MN
MOVILIDAD,CORE,PIKE,L SIT LEG LIFTS ,L SIT LEG LIFTS,,CON.,delta,2,2,PIKE,MN
MOVILIDAD,CORE,PIKE,L SIT LEG LIFTS ,L SIT LEG LIFTS,,ISO.,delta,2,2,PIKE,MN
MOVILIDAD,HIP DOMINANT,PIKE,PANCAKE W ,PANCAKE W,,CON.,delta,2,3,PIKE,MN
MOVILIDAD,HIP DOMINANT,PIKE,SITTED PIKE W ,SITTED PIKE W,,CON.,delta,2,3,PIKE,MN
MOVILIDAD,CORE,PIKE,HANGING TOE ON BAR PIKE ,HANGING TOE ON BAR PIKE,,ISO.,sigma,3,1,PIKE,MN
MOVILIDAD,SPAGAT,PIKE,HEAD TO TOE CROSSED ELBOW ,HEAD TO TOE CROSSED ELBOW,,CON.,sigma,3,1,PIKE,MN
MOVILIDAD,SPAGAT,PIKE,HEAD TO TOE OL PIKE W ,HEAD TO TOE OL PIKE W,,CON.,sigma,3,2,PIKE,MN
MOVILIDAD,SPAGAT,PIKE,HEAD TO TOE OL PIKE HEIGHT   ,HEAD TO TOE OL PIKE HEIGHT  ,,,omega,4,1,PIKE,MN
MOVILIDAD,HIP DOMINANT,PIKE,DEFICIT SITTED PIKE WEIGHTED ,DEFICIT SITTED PIKE WEIGHTED,,,omega,4,2,PIKE,MN
MOVILIDAD,HIP DOMINANT,PIKE,OL FRONT PIKE W ,OL FRONT PIKE W,,,omega,4,2,PIKE,MN
PUSH,PUSH HORIZONTAL,PUSH HORIZONTAL ANTERIOR (STRAIGHT ARM),INVERTED RINGS,,,ISO.,alfa,1,1,BL,
PUSH,PUSH HORIZONTAL,PUSH HORIZONTAL ANTERIOR (STRAIGHT ARM),INVERTED PIKE,,,ISO.,alfa,1,1,BL,
PUSH,PUSH HORIZONTAL,PUSH HORIZONTAL ANTERIOR (STRAIGHT ARM),INVERTED RINGS TO PIKE,,,CON.,alfa,1,2,BL,
PUSH,PUSH HORIZONTAL,PUSH HORIZONTAL ANTERIOR (STRAIGHT ARM),FOOT ASSIST GERMAN HANG,,,ISO.,alfa,1,2,BL,
PUSH,PUSH HORIZONTAL,PUSH HORIZONTAL ANTERIOR (STRAIGHT ARM),RINGS FOOT ASSIST BL TUCK,,,ISO.,alfa,1,2,BL,
PUSH,PUSH HORIZONTAL,PUSH HORIZONTAL ANTERIOR (STRAIGHT ARM),RING GERMAN HANG,,,ISO.,alfa,1,3,BL,
PUSH,PUSH HORIZONTAL,PUSH HORIZONTAL ANTERIOR (STRAIGHT ARM),REVERSE JUMP TO INVERTED,,,CON.,alfa,1,3,BL,
PUSH,PUSH HORIZONTAL,PUSH HORIZONTAL ANTERIOR (STRAIGHT ARM),RINGS SUPPORT SUPINE,,,ISO.,delta,2,1,BL,
PUSH,PUSH HORIZONTAL,PUSH HORIZONTAL ANTERIOR (STRAIGHT ARM),INVERTED TO BL TUCK PRONE,,,EXC.,delta,2,1,BL,
PUSH,PUSH HORIZONTAL,PUSH HORIZONTAL ANTERIOR (BENT ARM),INVERTED PULL UPS,,,CON.,delta,2,1,BL,
PUSH,PUSH HORIZONTAL,PUSH HORIZONTAL ANTERIOR (STRAIGHT ARM),BL TUCK PRONE,,,ISO.,delta,2,2,BL,
PUSH,PUSH HORIZONTAL,PUSH HORIZONTAL ANTERIOR (STRAIGHT ARM),SKIN THE CAT,,,EXC.,delta,2,2,BL,
PUSH,PUSH HORIZONTAL,PUSH HORIZONTAL ANTERIOR (STRAIGHT ARM),BL TUCK SUPINE,,,EXC.,delta,2,2,BL,
PUSH,PUSH HORIZONTAL,PUSH HORIZONTAL ANTERIOR (STRAIGHT ARM),BL TUCK PRONE,,,CON.,delta,2,2,BL,
PUSH,PUSH HORIZONTAL,PUSH HORIZONTAL ANTERIOR (STRAIGHT ARM),BL ADV TUCK PRONE,,,EXC.,delta,2,2,BL,
PUSH,PUSH HORIZONTAL,PUSH HORIZONTAL ANTERIOR (STRAIGHT ARM),BL ADV TUCK PRONE,,,ISO.,delta,2,3,BL,
PUSH,PUSH HORIZONTAL,PUSH HORIZONTAL ANTERIOR (STRAIGHT ARM),BL TUCK SUPINE,,,ISO.,delta,2,3,BL,
PUSH,PUSH HORIZONTAL,PUSH HORIZONTAL ANTERIOR (STRAIGHT ARM),SKIN THE CAT,,,CON.,delta,2,3,BL,
PUSH,PUSH HORIZONTAL,PUSH HORIZONTAL ANTERIOR (STRAIGHT ARM),BL TUCK SUPINE,,,CON.,sigma,3,1,BL,
PUSH,PUSH HORIZONTAL,PUSH HORIZONTAL ANTERIOR (STRAIGHT ARM),BL ADV TUCK PRONE,,,CON.,sigma,3,1,BL,
PUSH,PUSH HORIZONTAL,PUSH HORIZONTAL ANTERIOR (BENT ARM),BL TUCK PRONE PULL UP,,,CON.,sigma,3,1,BL,
PUSH,PUSH HORIZONTAL,PUSH HORIZONTAL ANTERIOR (STRAIGHT ARM),BL ADV TUCK SUPINE ,,,EXC.,sigma,3,1,BL,
PUSH,PUSH HORIZONTAL,PUSH HORIZONTAL ANTERIOR (STRAIGHT ARM),BL SUPER ADV TUCK PRONE,,,EXC.,sigma,3,1,BL,
PUSH,PUSH HORIZONTAL,PUSH HORIZONTAL ANTERIOR (STRAIGHT ARM),BL ADV TUCK SUPINE,,,ISO.,sigma,3,2,BL,
PUSH,PUSH HORIZONTAL,PUSH HORIZONTAL ANTERIOR (STRAIGHT ARM),BL SUPER ADV TUCK SUPINE,,,EXC.,sigma,3,2,BL,
PUSH,PUSH HORIZONTAL,PUSH HORIZONTAL ANTERIOR (STRAIGHT ARM),BL SUPER ADV TUCK PRONE,,,ISO.,sigma,3,2,BL,
PUSH,PUSH HORIZONTAL,PUSH HORIZONTAL ANTERIOR (BENT ARM),BL ADV TUCK PRONE PULL UP,,,CON.,sigma,3,2,BL,
PUSH,PUSH HORIZONTAL,PUSH HORIZONTAL ANTERIOR (STRAIGHT ARM),BL STRADDLE PRONE,,,EXC.,sigma,3,2,BL,
PUSH,PUSH HORIZONTAL,PUSH HORIZONTAL ANTERIOR (STRAIGHT ARM),BL ADV TUCK SUPINE,,,CON.,omega,4,1,BL,
PUSH,PUSH HORIZONTAL,PUSH HORIZONTAL ANTERIOR (STRAIGHT ARM),BL SUPER ADV TUCK SUPINE,,,ISO.,omega,4,1,BL,
PUSH,PUSH HORIZONTAL,PUSH HORIZONTAL ANTERIOR (STRAIGHT ARM),BL SUPER ADV TUCK PRONE,,,CON.,omega,4,1,BL,
PUSH,PUSH HORIZONTAL,PUSH HORIZONTAL ANTERIOR (BENT ARM),BL SUPER ADV TUCK PRONE PULL UP,,,CON.,omega,4,1,BL,
PUSH,PUSH HORIZONTAL,PUSH HORIZONTAL ANTERIOR (STRAIGHT ARM),BL FULL PRONE,,,EXC.,omega,4,2,BL,
PUSH,PUSH HORIZONTAL,PUSH HORIZONTAL ANTERIOR (STRAIGHT ARM),BL SUPER ADV TUCK SUPINE,,,CON.,omega,4,2,BL,
PUSH,PUSH HORIZONTAL,PUSH HORIZONTAL ANTERIOR (STRAIGHT ARM),BL STRADDLE PRONE,,,ISO.,omega,4,2,BL,
PUSH,PUSH HORIZONTAL,PUSH HORIZONTAL ANTERIOR (STRAIGHT ARM),BL STRADDLE PRONE,,,CON.,omega,4,2,BL,
PUSH,PUSH HORIZONTAL,PUSH HORIZONTAL ANTERIOR (BENT ARM),BL STRADDLE PULL UP,,,CON.,omega,4,2,BL,
PUSH,PUSH HORIZONTAL,PUSH HORIZONTAL ANTERIOR (STRAIGHT ARM),BL STRADDLE SUPINE ,,,EXC.,omega,4,2,BL,
PUSH,PUSH HORIZONTAL,PUSH HORIZONTAL ANTERIOR (STRAIGHT ARM),BL FULL PRONE,,,CON.,spartan,5,1,BL,
PUSH,PUSH HORIZONTAL,PUSH HORIZONTAL ANTERIOR (STRAIGHT ARM),BL STRADDLE SUPINE,,,CON.,spartan,5,1,BL,
PUSH,PUSH HORIZONTAL,PUSH HORIZONTAL ANTERIOR (STRAIGHT ARM),BL FULL SUPINE,,,ISO.,spartan,5,1,BL,
PUSH,PUSH HORIZONTAL,PUSH HORIZONTAL ANTERIOR (STRAIGHT ARM),BL FULL PRONE,,,CON.,spartan,5,1,BL,
PUSH,PUSH HORIZONTAL,PUSH HORIZONTAL ANTERIOR (BENT ARM),BL HALF LAYOUT PULL UP,,,CON.,spartan,5,1,BL,
PUSH,PUSH HORIZONTAL,PUSH HORIZONTAL ANTERIOR (STRAIGHT ARM),BL WIDE SUPINE,,,EXC.,spartan,5,1,BL,
PUSH,PUSH HORIZONTAL,PUSH HORIZONTAL ANTERIOR (STRAIGHT ARM),BL WIDE FULL PRONE,,,CON.,spartan,5,2,BL,
PUSH,PUSH HORIZONTAL,PUSH HORIZONTAL ANTERIOR (STRAIGHT ARM),BL FULL SUPINE,,,CON.,spartan,5,2,BL,
PUSH,PUSH HORIZONTAL,PUSH HORIZONTAL ANTERIOR (STRAIGHT ARM),BL WIDE FULL SUPINE,,,ISO.,spartan,5,2,BL,
PUSH,PUSH HORIZONTAL,PUSH HORIZONTAL ANTERIOR (BENT ARM),BL FULL PULL UP,,,CON.,spartan,5,2,BL,
PUSH,PUSH HORIZONTAL,PUSH HORIZONTAL ANTERIOR (STRAIGHT ARM),BL ASSISTED ZANETTI STRADDLE,,,EXC.,spartan,5,2,BL,
LOWER,KNEE DOMINANT,QUADS,CLOSE SQUAT PARCIAL  ,CLOSE SQUAT PARCIAL ,,,alfa,1,1,PS,
LOWER,KNEE DOMINANT,QUADS,NARROW SQUAT PARCIAL ,NARROW SQUAT PARCIAL,,,alfa,1,1,PS,
LOWER,KNEE DOMINANT,QUADS,CLOSE SQUAT  ,CLOSE SQUAT ,,ISO.,alfa,1,1,PS,
LOWER,KNEE DOMINANT,QUADS,DEEP SQUAT  ,DEEP SQUAT ,,ISO.,alfa,1,1,PS,
LOWER,KNEE DOMINANT,QUADS,DEEP SQ SIDE TO SIDE ,DEEP SQ SIDE TO SIDE,,,alfa,1,1,PS,
LOWER,KNEE DOMINANT,QUADS,SQUAT SQUARE WALK ,SQUAT SQUARE WALK,,,alfa,1,1,PS,
LOWER,KNEE DOMINANT,QUADS,SQUAT SKIPPING ,SQUAT SKIPPING,,,alfa,1,1,PS,
LOWER,KNEE DOMINANT,QUADS,BORROWER SQUAT ,BORROWER SQUAT,,,alfa,1,2,PS,
LOWER,KNEE DOMINANT,QUADS,CYCLIST SQ  ,CYCLIST SQ ,,,alfa,1,1,PS,
LOWER,KNEE DOMINANT,QUADS,DEEP SQ ,DEEP SQ,,,alfa,1,1,PS,
LOWER,KNEE DOMINANT,QUADS,PS PARCIAL  ,PS PARCIAL ,,,alfa,1,2,PS,
LOWER,KNEE DOMINANT,QUADS,PS HEEL UP ASSISTED ,PS HEEL UP ASSISTED,,,alfa,1,2,PS,
LOWER,KNEE DOMINANT,QUADS,REVERSE TO SQUAT ,REVERSE TO SQUAT,,,alfa,1,2,PS,
LOWER,KNEE DOMINANT,QUADS,REVERSE TO SQUAT ,REVERSE TO SQUAT,,,alfa,1,2,PS,
LOWER,KNEE DOMINANT,QUADS,SNOWBOARD SQUATS ,SNOWBOARD SQUATS,,,alfa,1,3,PS,
LOWER,KNEE DOMINANT,QUADS,REVERSE TO SQUAT JUMP ,REVERSE TO SQUAT JUMP,,,alfa,1,3,PS,
LOWER,KNEE DOMINANT,QUADS,PS  TO BOX ,PS  TO BOX,,EXC.,alfa,1,3,PS,
LOWER,KNEE DOMINANT,QUADS,PS  ASSISTED  ,PS  ASSISTED ,,EXC.,alfa,1,3,PS,
LOWER,KNEE DOMINANT,QUADS,PS SWING BOX  ,PS SWING BOX ,,,alfa,1,3,PS,
LOWER,KNEE DOMINANT,QUADS,DEEP SQUAT JUMP ,DEEP SQUAT JUMP,,,alfa,1,3,PS,
LOWER,KNEE DOMINANT,QUADS,SQUAT TUCK JUMP ,SQUAT TUCK JUMP,,,delta,2,1,PS,
LOWER,KNEE DOMINANT,QUADS,CYCLIST PS PARTIAL ,CYCLIST PS PARTIAL,,,delta,2,1,PS,
LOWER,KNEE DOMINANT,QUADS,PS SWING BOX UP ,PS SWING BOX UP,,,delta,2,1,PS,
LOWER,KNEE DOMINANT,QUADS,CYCLIST SQUAT W  ,CYCLIST SQUAT W ,,,delta,2,1,PS,
LOWER,KNEE DOMINANT,QUADS,DEEP SQUAT JUMP W  ,DEEP SQUAT JUMP W ,,,delta,2,1,PS,
LOWER,KNEE DOMINANT,QUADS,HACK SQUAT W  ,HACK SQUAT W ,,,delta,2,1,PS,
LOWER,KNEE DOMINANT,QUADS,PS WALL ,PS WALL,,ISO.,delta,2,1,PS,
LOWER,KNEE DOMINANT,QUADS,PS SHUFFLE WALL  ,PS SHUFFLE WALL ,,,delta,2,1,PS,
LOWER,KNEE DOMINANT,QUADS,REVERSE TO SQUAT  PS ,REVERSE TO SQUAT  PS,,EXC.,delta,2,1,PS,
LOWER,KNEE DOMINANT,QUADS,SIDE LUNGE ,SIDE LUNGE,,,delta,2,1,PS,
LOWER,KNEE DOMINANT,QUADS,REVERSE TO PS PARTIAL ,REVERSE TO PS PARTIAL,,,delta,2,1,PS,
LOWER,KNEE DOMINANT,QUADS,DEEP SQ LIFT LEG  ,DEEP SQ LIFT LEG ,,,delta,2,2,PS,
LOWER,KNEE DOMINANT,QUADS,SIDE LUNGE W ,SIDE LUNGE W,,,delta,2,2,PS,
LOWER,KNEE DOMINANT,QUADS,COSSACK SQUAT ,COSSACK SQUAT,,,delta,2,2,PS,
LOWER,KNEE DOMINANT,QUADS,PS HEEL UP  ,PS HEEL UP ,,,delta,2,2,PS,
LOWER,KNEE DOMINANT,QUADS,PS  ,PS ,,ISO.,delta,2,2,PS,
LOWER,KNEE DOMINANT,QUADS,PS ASSISTED  ,PS ASSISTED ,,,delta,2,2,PS,
LOWER,KNEE DOMINANT,QUADS,PS STEP UP  ,PS STEP UP ,,,delta,2,2,PS,
LOWER,KNEE DOMINANT,QUADS,PS TO BOX  ,PS TO BOX ,,,delta,2,2,PS,
LOWER,KNEE DOMINANT,QUADS,COSSACK SQUAT W ,COSSACK SQUAT W,,,delta,2,2,PS,
LOWER,KNEE DOMINANT,QUADS,SHRIMP SQUAT ASSISTED ,SHRIMP SQUAT ASSISTED,,,delta,2,2,PS,
LOWER,KNEE DOMINANT,QUADS,PS TO BOX JUMP ,PS TO BOX JUMP,,,delta,2,3,PS,
LOWER,KNEE DOMINANT,QUADS,REVERSE TO PS  ,REVERSE TO PS ,,,delta,2,3,PS,
LOWER,KNEE DOMINANT,QUADS,PS ,PS,,,delta,2,3,PS,
LOWER,KNEE DOMINANT,QUADS,SHRIMP SQUAT  ,SHRIMP SQUAT ,,,delta,2,3,PS,
LOWER,KNEE DOMINANT,QUADS,CYCLIST PS ,CYCLIST PS,,,sigma,3,1,PS,
LOWER,KNEE DOMINANT,QUADS,REVERSE TO PS JUMP ,REVERSE TO PS JUMP,,,sigma,3,1,PS,
LOWER,KNEE DOMINANT,QUADS,PS TO JUMP  ,PS TO JUMP ,,,sigma,3,1,PS,
LOWER,KNEE DOMINANT,QUADS,SHRIMP SQUAT W ,SHRIMP SQUAT W,,,sigma,3,1,PS,
LOWER,KNEE DOMINANT,QUADS,HACK PS W ,HACK PS W,,,sigma,3,2,PS,
LOWER,KNEE DOMINANT,QUADS,PS W ,PS W,,,sigma,3,2,PS,
LOWER,KNEE DOMINANT,QUADS,PS W JUMP ,PS JUMP ,,,omega,4,1,PS,
LOWER,KNEE DOMINANT,QUADS,SEIZA TO PISTOL ,SEIZA TO PISTOL ,,,omega,4,2,PS,
LOWER,KNEE DOMINANT,QUADS,PS W ISO ,PS W  ,,ISO.,omega,4,2,PS,
LOWER,KNEE DOMINANT,QUADS,PQ PARCIAL  ,PQ PARCIAL ,,,alfa,1,1,SU,
LOWER,KNEE DOMINANT,QUADS,PSU PARCIAL  ,PSU PARCIAL ,,,alfa,1,1,SU,
LOWER,HIP DOMINANT,GLUTES,SQ STEP OUT  ,SQ STEP OUT ,,,alfa,1,1,SU,
LOWER,HIP DOMINANT,GLUTES,STEP UP BOX ,STEP UP BOX,,,alfa,1,1,SU,
LOWER,HIP DOMINANT,GLUTES,STEP UP SHUFFLE  ,STEP UP SHUFFLE ,,,alfa,1,1,SU,
LOWER,KNEE DOMINANT,QUADS,PQ  ,PQ ,,ISO.,alfa,1,1,SU,
LOWER,KNEE DOMINANT,QUADS,PSU  ,PSU ,,ISO.,alfa,1,1,SU,
LOWER,KNEE DOMINANT,QUADS,SQ KNEE UP  ,SQ KNEE UP ,,,alfa,1,2,SU,
LOWER,HIP DOMINANT,GLUTES,STEP DOWN PARCIAL  ,STEP DOWN PARCIAL ,,,alfa,1,2,SU,
LOWER,KNEE DOMINANT,QUADS,LUNGE TO STEP UP ,LUNGE TO STEP UP,,,alfa,1,2,SU,
LOWER,HIP DOMINANT,GLUTES,STEP UP O.L  ,STEP UP O.L ,,,alfa,1,3,SU,
LOWER,HIP DOMINANT,GLUTES,STEP UP SIDE  ,STEP UP SIDE ,,,alfa,1,3,SU,
LOWER,HIP DOMINANT,GLUTES,SQ STEP UP  ,SQ STEP UP ,,,delta,2,1,SU,
LOWER,KNEE DOMINANT,QUADS,PQ FULL ROM  ,PQ FULL ROM ,,,delta,2,1,SU,
LOWER,KNEE DOMINANT,QUADS,PSU FULL ROM ,PSU FULL ROM,,,delta,2,1,SU,
LOWER,HIP DOMINANT,GLUTES,STEP DOWN  ,STEP DOWN ,,,delta,2,2,SU,
LOWER,HIP DOMINANT,GLUTES,SU SHUFFLE SIDE  ,SU SHUFFLE SIDE ,,,delta,2,2,SU,
LOWER,HIP DOMINANT,GLUTES,STEP DOWN  ,STEP DOWN ,,ISO.,delta,2,2,SU,
LOWER,HIP DOMINANT,GLUTES,DS STEP UP ,DS STEP UP,,,delta,2,2,SU,
LOWER,KNEE DOMINANT,QUADS,PQ FULL ROM W ,PQ FULL ROM W,,,delta,2,3,SU,
LOWER,KNEE DOMINANT,QUADS,PQ W ,PQ W,,ISO.,delta,2,3,SU,
LOWER,KNEE DOMINANT,QUADS,PSU W ,PSU W,,ISO.,delta,2,3,SU,
LOWER,KNEE DOMINANT,QUADS,PSU FULL ROM W  ,PSU FULL ROM W ,,,sigma,3,1,SU,
LOWER,KNEE DOMINANT,QUADS,LUNGE STEP UP W ,LUNGE STEP UP W,,,sigma,3,1,SU,
LOWER,HIP DOMINANT,GLUTES,STEP UP SIDE W ,STEP UP SIDE W,,,sigma,3,1,SU,
LOWER,HIP DOMINANT,GLUTES,STEP DOWN W ,STEP DOWN W,,,sigma,3,2,SU,
LOWER,HIP DOMINANT,GLUTES,STEP UP S JUMP  ,STEP UP S JUMP ,,,sigma,3,2,SU,
LOWER,KNEE DOMINANT,QUADS,LUNGE TO STEP UP JUMP ,LUNGE TO STEP UP JUMP,,,sigma,3,2,SU,
LOWER,HIP DOMINANT,GLUTES,SU SHUFFLE JUMP W  ,SU SHUFFLE JUMP W ,,,sigma,3,2,SU,
LOWER,HIP DOMINANT,GLUTES,DS PARCIAL ASSISTED ,DS PARCIAL ASSISTED,,,alfa,1,1,DS,
LOWER,HIP DOMINANT,GLUTES,DS PARCIAL  ,DS PARCIAL ,,ISO.,alfa,1,1,DS,
LOWER,HIP DOMINANT,GLUTES,DS PARCIAL  ,DS PARCIAL ,,,alfa,1,1,DS,
LOWER,HIP DOMINANT,GLUTES,DS SHUFFLE  ,DS SHUFFLE ,,,alfa,1,1,DS,
LOWER,HIP DOMINANT,GLUTES,DS  FULL ROM ,DS  FULL ROM,,ISO.,alfa,1,2,DS,
LOWER,HIP DOMINANT,GLUTES,DP ASSISTED ,DP ASSISTED,,,alfa,1,3,DS,
LOWER,HIP DOMINANT,GLUTES,DP PARCIAL ,DP PARCIAL,,,alfa,1,3,DS,
LOWER,HIP DOMINANT,GLUTES,DRAGON HT  ,DRAGON HT ,,ISO.,delta,2,1,DS,
LOWER,HIP DOMINANT,GLUTES,DP PARCIAL  ,DP PARCIAL ,,ISO.,delta,2,1,DS,
LOWER,HIP DOMINANT,GLUTES,DS FULL ROM W  ,DS FULL ROM W ,,,delta,2,1,DS,
LOWER,HIP DOMINANT,GLUTES,DRAGON HT  ,DRAGON HT ,,,delta,2,1,DS,
LOWER,HIP DOMINANT,GLUTES,DP   ,DP  ,,EXC.,delta,2,2,DS,
LOWER,HIP DOMINANT,GLUTES,DP  ,DP ,,ISO.,delta,2,2,DS,
LOWER,HIP DOMINANT,GLUTES,DP ON BOX  ,DP ON BOX ,,,delta,2,2,DS,
LOWER,HIP DOMINANT,GLUTES,DP FULL ROM  ,DP FULL ROM ,,,sigma,3,1,DS,
LOWER,HIP DOMINANT,GLUTES,DP FULL ROM W  ,DP FULL ROM W ,,,sigma,3,2,DS,
LOWER,HIP DOMINANT,GLUTES,DS JUMP W ,DS JUMP W ,,,omega,4,1,DS,
LOWER,HIP DOMINANT,GLUTES,DP SHUFFLE  JUMP ASIST,DP SHUFFLE  JUMP ASSISTED,,,omega,4,1,DS,
LOWER,HIP DOMINANT,GLUTES,DP SHUFFLE  JUMP ,DS SHUFFLE  JUMP ,,,omega,4,2,DS,
LOWER,HIP DOMINANT,GLUTES,DP PULSE W ,DP PULSE W ,,,omega,4,2,DS,
LOWER,HIP DOMINANT,ISQUIOS,GOOD MORNING  ,GOOD MORNING ,,,alfa,1,1,NC,
LOWER,HIP DOMINANT,ISQUIOS,DEADLIFT  ,DEADLIFT ,,,alfa,1,1,NC,
LOWER,HIP DOMINANT,ISQUIOS,DEADLIFT  ,DEADLIFT ,,EXC.,alfa,1,1,NC,
LOWER,HIP DOMINANT,ISQUIOS,CALF RISES  ,CALF RISES ,,,alfa,1,1,NC,
LOWER,HIP DOMINANT,ISQUIOS,DEADLIFT OL ASSISTED ,DEADLIFT OL ASSISTED,,,alfa,1,1,NC,
LOWER,HIP DOMINANT,ISQUIOS,CALF RISES O.L  ,CALF RISES O.L ,,,alfa,1,1,NC,
LOWER,HIP DOMINANT,ISQUIOS,DEADLIFT W  ,DEADLIFT W ,,,alfa,1,2,NC,
LOWER,HIP DOMINANT,ISQUIOS,NC  ,NC ,,ISO.,alfa,1,3,NC,
LOWER,HIP DOMINANT,ISQUIOS,CALF RISES W  ,CALF RISES W ,,,alfa,1,3,NC,
LOWER,HIP DOMINANT,ISQUIOS,HIP THRUST SLIDE  ,HIP THRUST SLIDE ,,EXC.,delta,2,1,NC,
LOWER,HIP DOMINANT,ISQUIOS,NC  BENT  ,NC  BENT ,,EXC.,delta,2,2,NC,
LOWER,HIP DOMINANT,ISQUIOS,DEADLIFT OL W  ,DEADLIFT OL W ,,,delta,2,2,NC,
LOWER,HIP DOMINANT,ISQUIOS,CALF RISES O.L W ,CALF RISES O.L W,,,delta,2,2,NC,
LOWER,HIP DOMINANT,ISQUIOS,NC BENT  ,NC BENT ,,CON.,delta,2,3,NC,
LOWER,HIP DOMINANT,ISQUIOS,NC BENT  W  ,NC BENT  W ,,CON.,sigma,3,1,NC,
LOWER,HIP DOMINANT,ISQUIOS,NC   ,NC  ,,EXC.,sigma,3,1,NC,
LOWER,HIP DOMINANT,ISQUIOS,NC  ,NC ,,CON.,sigma,3,2,NC,
LOWER,HIP DOMINANT,ISQUIOS,NC  W ,NC  W,,EXC.,sigma,3,2,NC,
LOWER,HIP DOMINANT,ISQUIOS,NC OL ASIST ,NC OL ASSISTED ,,,omega,4,1,NC,
LOWER,HIP DOMINANT,ISQUIOS,NC BENT OL ,NC BENT OL ,,,omega,4,1,NC,
LOWER,HIP DOMINANT,ISQUIOS,NC OL  ,NC OL ,,CON.,omega,4,1,NC,
LOWER,HIP DOMINANT,ISQUIOS,NC FULL ROM W ,NC FULL ROM W ,,,omega,4,2,NC,
LOWER,HIP DOMINANT,ISQUIOS,NC OL  ,NC OL ,,ISO.,omega,4,1,NC,
LOWER,HIP DOMINANT,ISQUIOS,NC OL  ,NC OL ,,EXC.,omega,4,2,NC,
LOWER,KNEE DOMINANT,QUADS,SEIZA UP/DOWN  ,SEIZA UP/DOWN ,,,alfa,1,1,QC,
LOWER,KNEE DOMINANT,QUADS,SEIZA REACH  ,SEIZA REACH ,,,alfa,1,1,QC,
LOWER,KNEE DOMINANT,QUADS,SEIZA REACH  ,SEIZA REACH ,,ISO.,alfa,1,1,QC,
LOWER,KNEE DOMINANT,QUADS,QC PARCIAL  ,QC PARCIAL ,,,alfa,1,1,QC,
LOWER,KNEE DOMINANT,QUADS,QC ASSISTED  ,QC ASSISTED ,,,alfa,1,2,QC,
LOWER,KNEE DOMINANT,QUADS,QC PARCIAL  ,QC PARCIAL ,,ISO.,alfa,1,2,QC,
LOWER,KNEE DOMINANT,QUADS,QC PARCIAL W ,QC PARCIAL W,,,alfa,1,3,QC,
LOWER,KNEE DOMINANT,QUADS,QC  ,QC ,,ISO.,alfa,1,3,QC,
LOWER,KNEE DOMINANT,QUADS,TIBIALES PARED ,TIBIALES PARED,,,delta,2,1,QC,
LOWER,KNEE DOMINANT,QUADS,SEIZA TO SQ ,SEIZA TO SQ,,,delta,2,1,QC,
LOWER,KNEE DOMINANT,QUADS,QUAD BOX  ,QUAD BOX ,,,delta,2,1,QC,
LOWER,KNEE DOMINANT,QUADS,QC   ,QC  ,,EXC.,delta,2,1,QC,
LOWER,KNEE DOMINANT,QUADS,QC   ,QC  ,,CON.,delta,2,1,QC,
LOWER,KNEE DOMINANT,QUADS,QC  W  ,QC  W ,,EXC.,delta,2,2,QC,
LOWER,KNEE DOMINANT,QUADS,QC FULL ROM  ,QC FULL ROM ,,,delta,2,2,QC,
LOWER,KNEE DOMINANT,QUADS,QC FULL ROM W ,QC FULL ROM W,,,delta,2,3,QC,
LOWER,KNEE DOMINANT,QUADS,HINDU SQ PARCIAL  ,HINDU SQ PARCIAL ,,,alfa,1,1,SS,
LOWER,KNEE DOMINANT,QUADS,HINDU SQ ASSISTED  ,HINDU SQ ASSISTED ,,,alfa,1,1,SS,
LOWER,KNEE DOMINANT,QUADS,HINDU SQ  ,HINDU SQ ,,ISO.,alfa,1,2,SS,
LOWER,KNEE DOMINANT,QUADS,SOLEO SQ  ,SOLEO SQ ,,,alfa,1,2,SS,
LOWER,KNEE DOMINANT,QUADS,APE REACH ASSISTED ,APE REACH ASSISTED,,,alfa,1,3,SS,
LOWER,KNEE DOMINANT,QUADS,HINDU SQ FULL ROM  ,HINDU SQ FULL ROM ,,,alfa,1,3,SS,
LOWER,KNEE DOMINANT,QUADS,CRAB SISSY  ,CRAB SISSY ,,,alfa,1,3,SS,
LOWER,KNEE DOMINANT,QUADS,APE REACH  ,APE REACH ,,,delta,2,1,SS,
LOWER,KNEE DOMINANT,QUADS,SISSY SQ PARCIAL ASSISTED ,SISSY SQ PARCIAL ASSISTED,,,delta,2,1,SS,
LOWER,KNEE DOMINANT,QUADS,SISSY SQ PARCIAL  ,SISSY SQ PARCIAL ,,,delta,2,2,SS,
LOWER,KNEE DOMINANT,QUADS,SISSY SQ ASSISTED ,SISSY SQ ASSISTED,,,delta,2,2,SS,
LOWER,KNEE DOMINANT,QUADS,HINDU SQ + APE REACH  ,HINDU SQ + APE REACH ,,,delta,2,2,SS,
LOWER,KNEE DOMINANT,QUADS,HINDU SQ + APE REACH W ,HINDU SQ + APE REACH W,,,delta,2,3,SS,
LOWER,KNEE DOMINANT,QUADS,HINDU SQ W  ,HINDU SQ W ,,,delta,2,3,SS,
LOWER,KNEE DOMINANT,QUADS,SISSY SQ  ,SISSY SQ ,,EXC.,sigma,3,1,SS,
LOWER,KNEE DOMINANT,QUADS,SISSY SQ  ,SISSY SQ ,,ISO.,sigma,3,1,SS,
LOWER,KNEE DOMINANT,QUADS,SISSY SQ   ,SISSY SQ  ,,CON.,sigma,3,1,SS,
LOWER,KNEE DOMINANT,QUADS,SISSY SQ W  ,SISSY SQ W ,,,sigma,3,2,SS,
LOWER,KNEE DOMINANT,QUADS,SISSY SQ W  ,SISSY SQ W ,,ISO.,sigma,3,2,SS,
LOWER,KNEE DOMINANT,QUADS,SISSY SQ OL ASIST,SISSY SQ OL ASSISTED,,,omega,4,1,,
LOWER,KNEE DOMINANT,QUADS,SISSY SQ OL ,SISSY SQ OL ,,,omega,4,1,,
LOWER,KNEE DOMINANT,QUADS,SISSY SQ OL ISO ,SISSY SQ OL  ,,ISO.,omega,4,2,,
LOWER,KNEE DOMINANT,QUADS,SISSY SQ OL ISO W ,SISSY SQ OL  W ,,ISO.,omega,4,2,,
LOWER,KNEE DOMINANT,QUADS,SISSY SQ OL W ,SISSY SQ OL W ,,,spartan,5,1,,
LOWER,HIP DOMINANT,ISQUIOS,HT ON BOX  ,HT ON BOX ,,,alfa,1,1,HT,
LOWER,HIP DOMINANT,ISQUIOS,HT ON BOX   ,HT ON BOX  ,,ISO.,alfa,1,1,HT,
LOWER,HIP DOMINANT,ISQUIOS,HT ON BOX W ,HT ON BOX W,,,alfa,1,1,HT,
LOWER,HIP DOMINANT,ISQUIOS,HT ON BOX OL   ,HT ON BOX OL  ,,ISO.,alfa,1,1,HT,
LOWER,HIP DOMINANT,ISQUIOS,HT ON BOX OL  ,HT ON BOX OL ,,,alfa,1,2,HT,
LOWER,HIP DOMINANT,ISQUIOS,HT ON BOX OL W ,HT ON BOX OL W,,,alfa,1,2,HT,
LOWER,HIP DOMINANT,ISQUIOS,HT ,HT,,ISO.,alfa,1,2,HT,
LOWER,HIP DOMINANT,ISQUIOS,HT ,HT,,CON.,alfa,1,3,HT,
LOWER,HIP DOMINANT,ISQUIOS,HT W  ,HT W ,,CON.,delta,2,1,HT,
LOWER,HIP DOMINANT,ISQUIOS,HT KICK  ,HT KICK ,,,delta,2,1,HT,
LOWER,HIP DOMINANT,ISQUIOS,HT REACH  ,HT REACH ,,,delta,2,1,HT,
LOWER,HIP DOMINANT,ISQUIOS,HT L. ON BOX  ,HT L. ON BOX ,,ISO.,delta,2,1,HT,
LOWER,HIP DOMINANT,ISQUIOS,HT REACH ON RINGS ,HT REACH ON RINGS,,,delta,2,2,HT,
LOWER,HIP DOMINANT,ISQUIOS,HT L. ON BOX  ,HT L. ON BOX ,,,delta,2,2,HT,
LOWER,HIP DOMINANT,ISQUIOS,HT WALK TO BRIDGE  ,HT WALK TO BRIDGE ,,,delta,2,2,HT,
LOWER,HIP DOMINANT,ISQUIOS,HT WALK TO BOX  ,HT WALK TO BOX ,,,delta,2,2,HT,
LOWER,HIP DOMINANT,ISQUIOS,HT L. ON BOX OL  ,HT L. ON BOX OL ,,,delta,2,3,HT,
LOWER,HIP DOMINANT,ISQUIOS,HT L. ON BOX W  ,HT L. ON BOX W ,,,sigma,3,1,HT,
LOWER,HIP DOMINANT,ISQUIOS,LOW BRIDGE  ,LOW BRIDGE ,,ISO.,sigma,3,1,HT,
LOWER,HIP DOMINANT,ISQUIOS,LOW BRIDGE ,LOW BRIDGE,,,sigma,3,1,HT,
LOWER,HIP DOMINANT,ISQUIOS,HT EXP SHUFFLE  ,HT EXP SHUFFLE ,,,sigma,3,1,HT,
LOWER,HIP DOMINANT,ISQUIOS,HT OL EXP ,HT OL EXP,,,sigma,3,1,HT,
LOWER,HIP DOMINANT,ISQUIOS,HT L. ON BOX OL W ,HT L. ON BOX OL W,,,sigma,3,2,HT,
LOWER,HIP DOMINANT,ISQUIOS,LOW BRIDGE OL   ,LOW BRIDGE OL  ,,ISO.,sigma,3,2,HT,
LOWER,HIP DOMINANT,ISQUIOS,LOW BRIDGE OL  ,LOW BRIDGE OL ,,,sigma,3,2,HT,
LOWER,HIP DOMINANT,ISQUIOS,LOW BRIDGE W ,LOW BRIDGE W ,,,sigma,3,2,HT,
LOWER,HIP DOMINANT,ISQUIOS,LOW BRIDGE OL W,LOW BRIDGE OL W,,,omega,4,1,HT,
LOWER,HIP DOMINANT,ISQUIOS,LOW BRIDGE SIDE KICK ,LOW BRIDGE SIDE KICK ,,,omega,4,1,HT,
LOWER,HIP DOMINANT,ISQUIOS,LOW BRIDGE SIDE KICK W ,LOW BRIDGE SIDE KICK,,,omega,4,2,HT,
LOWER,HIP DOMINANT,ISQUIOS,LOW BRIDGE KNEE TO CHEST ,LOW BRIDGE KNEE TO CHEST ,,,omega,4,1,HT,
LOWER,HIP DOMINANT,ISQUIOS,HT SLIDE RING W ,HT SLIDE RING W ,,,omega,4,1,HT,
LOWER,KNEE DOMINANT,GLUTES,LS PARCIAL ASSISTED  ,LS PARCIAL ASSISTED ,,,alfa,1,1,L,
LOWER,KNEE DOMINANT,GLUTES,BACK LS ASSISTED ,BACK LS ASSISTED,,,alfa,1,1,L,
LOWER,KNEE DOMINANT,GLUTES,LS PARCIAL  ,LS PARCIAL ,,,alfa,1,1,L,
LOWER,KNEE DOMINANT,GLUTES,BACK LS   ,BACK LS  ,,,alfa,1,1,L,
LOWER,KNEE DOMINANT,GLUTES,LUNGE  ,LUNGE ,,ISO.,alfa,1,2,L,
LOWER,KNEE DOMINANT,GLUTES,LUNGE FULL ROM  ,LUNGE FULL ROM ,,,alfa,1,3,L,
LOWER,KNEE DOMINANT,GLUTES,LS SHUFFLE  ,LS SHUFFLE ,,,alfa,1,3,L,
LOWER,KNEE DOMINANT,GLUTES,LS SHUFFLE W  ,LS SHUFFLE W ,,,delta,2,1,L,
LOWER,KNEE DOMINANT,GLUTES,DEEP LS  ,DEEP LS ,,,delta,2,1,L,
LOWER,KNEE DOMINANT,GLUTES,DEEP LS   ,DEEP LS  ,,ISO.,delta,2,1,L,
LOWER,KNEE DOMINANT,GLUTES,BULGARIAN LUNGE ASSISTED  ,BULGARIAN LUNGE ASSISTED ,,,delta,2,1,L,
LOWER,KNEE DOMINANT,GLUTES,LUNGE JUMP  ,LUNGE JUMP ,,,delta,2,1,L,
LOWER,KNEE DOMINANT,GLUTES,DEEP LS W  ,DEEP LS W ,,,delta,2,2,L,
LOWER,KNEE DOMINANT,GLUTES,DEEP LS  W  ,DEEP LS  W ,,ISO.,delta,2,2,L,
LOWER,KNEE DOMINANT,GLUTES,BULGARIAN LUNGE  ,BULGARIAN LUNGE ,,,delta,2,2,L,
LOWER,KNEE DOMINANT,GLUTES,LUNGE HEEL UP ,LUNGE HEEL UP,,,sigma,3,3,L,
LOWER,KNEE DOMINANT,GLUTES,BULGARIAN LUNGE W  ,BULGARIAN LUNGE W ,,,sigma,3,3,L,
LOWER,KNEE DOMINANT,GLUTES,LUNGE JUMP SCISSOR  ,LUNGE JUMP SCISSOR ,,,sigma,3,1,L,
LOWER,KNEE DOMINANT,GLUTES,BULGARIAN LUNGE JUMP  ,BULGARIAN LUNGE JUMP ,,,sigma,3,2,L,
MOVILIDAD,SPAGAT ,LOWER ANTERIOR,QUAD STANDING STRETCH ,QUAD STANDING STRETCH,,,alfa,1,1,SPAGAT,LS ( LUNGES ) 
MOVILIDAD,SPAGAT ,LOWER POSTERIOR,LAYED DOWN HAM BENT  ,LAYED DOWN HAM BENT ,,,alfa,1,1,SPAGAT,LS ( LUNGES ) 
MOVILIDAD,SPAGAT ,GLUTE,SITTED GLUTE STRETCH ,SITTED GLUTE STRETCH,,,alfa,1,1,SPAGAT,LS ( LUNGES ) 
MOVILIDAD,SPAGAT ,LOWER ANTERIOR,LAYED DOWN HAM STRETCH BENT-STRETCH ,LAYED DOWN HAM STRETCH BENT-STRETCH,,,alfa,1,2,SPAGAT,LS ( LUNGES ) 
MOVILIDAD,SPAGAT ,GLUTE,LAYED DOWN GLUTE STRETCH ,LAYED DOWN GLUTE STRETCH,,,alfa,1,2,SPAGAT,LS ( LUNGES ) 
MOVILIDAD,SPAGAT ,LOWER ANTERIOR,COUCH STRETCH ,COUCH STRETCH,,,alfa,1,2,SPAGAT,LS ( LUNGES ) 
MOVILIDAD,SPAGAT ,GLUTE,STANDING PIGEON STRETCH ,STANDING PIGEON STRETCH,,,alfa,1,2,SPAGAT,LS ( LUNGES ) 
MOVILIDAD,SPAGAT ,LOWER ANTERIOR,LAYED DOWN BAND ASSITED STRETCH ,LAYED DOWN BAND ASSITED STRETCH,,,alfa,1,3,SPAGAT,LS ( LUNGES ) 
MOVILIDAD,SPAGAT ,LOWER ANTERIOR,WARRIOR STRETCH ,WARRIOR STRETCH,,,alfa,1,3,SPAGAT,LS ( LUNGES ) 
MOVILIDAD,SPAGAT ,LOWER ANTERIOR,SPLIT STANDING PIKE ,SPLIT STANDING PIKE,,,delta,2,1,SPAGAT,LS ( LUNGES ) 
MOVILIDAD,SPAGAT ,LOWER ANTERIOR,HEIGHT WARRIOR STRETCH ,HEIGHT WARRIOR STRETCH,,,delta,2,1,SPAGAT,LS ( LUNGES ) 
MOVILIDAD,SPAGAT ,LOWER ANTERIOR,90-90 GLUTE STRETCH ,90-90 GLUTE STRETCH,,,delta,2,1,SPAGAT,LS ( LUNGES ) 
MOVILIDAD,SPAGAT ,LOWER ANTERIOR,HEIGHT WARRIOR STRETCH ARCHER ,HEIGHT WARRIOR STRETCH ARCHER,,,delta,2,2,SPAGAT,LS ( LUNGES ) 
MOVILIDAD,SPAGAT ,LOWER ANTERIOR,KNEE SPAGAT ,KNEE SPAGAT,,,delta,2,2,SPAGAT,LS ( LUNGES ) 
MOVILIDAD,SPAGAT ,LOWER ANTERIOR,ASSISTED SPAGAT DELTA ,ASSISTED SPAGAT DELTA,,,delta,2,2,SPAGAT,LS ( LUNGES ) 
MOVILIDAD,SPAGAT ,LOWER ANTERIOR,COUCH STRETCH KNEE SPAGAT ,COUCH STRETCH KNEE SPAGAT,,,delta,2,3,SPAGAT,LS ( LUNGES ) 
MOVILIDAD,SPAGAT ,LOWER ANTERIOR,WARRIOR HEIGHT PIGEON ,WARRIOR HEIGHT PIGEON,,,delta,2,3,SPAGAT,LS ( LUNGES ) 
MOVILIDAD,SPAGAT ,LOWER ANTERIOR,PIKE STANDING SPAGAT ,PIKE STANDING SPAGAT,,,sigma,3,1,SPAGAT,LS ( LUNGES ) 
MOVILIDAD,SPAGAT ,LOWER ANTERIOR,ARCHER COUCH STRETCH KNEE SPAGAT ,ARCHER COUCH STRETCH KNEE SPAGAT,,,sigma,3,1,SPAGAT,LS ( LUNGES ) 
MOVILIDAD,SPAGAT ,LOWER ANTERIOR,KNEE PIGEON STRETCH ,KNEE PIGEON STRETCH,,,sigma,3,1,SPAGAT,LS ( LUNGES ) 
MOVILIDAD,SPAGAT ,LOWER ANTERIOR,DIAGONAL STRETCH  ,DIAGONAL STRETCH ,,,sigma,3,1,SPAGAT,LS ( LUNGES ) 
MOVILIDAD,SPAGAT ,LOWER ANTERIOR,ASSISTED SPAGAT OMEGA ,ASSISTED SPAGAT OMEGA,,,sigma,3,2,SPAGAT,LS ( LUNGES ) 
MOVILIDAD,SPAGAT ,LOWER ANTERIOR,SPAGAT PIGEON STRETCH ,SPAGAT PIGEON STRETCH,,,sigma,3,2,SPAGAT,LS ( LUNGES ) 
MOVILIDAD,SPAGAT ,LOWER ANTERIOR,WARRIOR SPAGAT STRETCH ,WARRIOR SPAGAT STRETCH,,,sigma,3,2,SPAGAT,LS ( LUNGES ) 
MOVILIDAD,SPAGAT ,LOWER ANTERIOR,STRAIGHT FRONT LEG DIAGONAL STRETCH  ,STRAIGHT FRONT LEG DIAGONAL STRETCH ,,,omega,4,1,SPAGAT,LS ( LUNGES ) 
MOVILIDAD,SPAGAT ,LOWER ANTERIOR,SPAGAT BENT-STRAIGHT KNEE PULSE ASSISTED ,SPAGAT BENT-STRAIGHT KNEE PULSE ASSISTED,,,omega,4,1,SPAGAT,LS ( LUNGES ) 
MOVILIDAD,SPAGAT ,LOWER ANTERIOR,SPAGAT PIKE PIGEON STRETCH ,SPAGAT PIKE PIGEON STRETCH,,,omega,4,1,SPAGAT,LS ( LUNGES ) 
MOVILIDAD,SPAGAT ,LOWER ANTERIOR,ELEVATED FRONT LEG DIAGONAL STRETCH ,ELEVATED FRONT LEG DIAGONAL STRETCH,,,omega,4,1,SPAGAT,LS ( LUNGES ) 
MOVILIDAD,SPAGAT ,LOWER ANTERIOR,SPAGAT ARCHER ASSISTED ,SPAGAT ARCHER ASSISTED,,,omega,4,2,SPAGAT,LS ( LUNGES ) 
MOVILIDAD,SPAGAT ,LOWER ANTERIOR,WALL FRONT LEG DIAGONAL STRETCH ,WALL FRONT LEG DIAGONAL STRETCH,,,omega,4,2,SPAGAT,LS ( LUNGES ) 
MOVILIDAD,SPAGAT ,LOWER ANTERIOR,PIGEON UP AND DOWN SPAGAT ,PIGEON UP AND DOWN SPAGAT,,,omega,4,2,SPAGAT,LS ( LUNGES ) 
MOVILIDAD,SPAGAT ,LOWER ANTERIOR,SPAGAT STRENGTH  ,SPAGAT STRENGTH ,,ISO.,omega,4,2,SPAGAT,LS ( LUNGES ) 
MOVILIDAD,SPAGAT ,LOWER ANTERIOR,SPAGAT COUCH STRETCH ,SPAGAT COUCH STRETCH,,,spartan,5,1,SPAGAT,LS ( LUNGES ) 
MOVILIDAD,SPAGAT ,LOWER ANTERIOR,SPAGAT FULL ,SPAGAT FULL,,,spartan,5,1,SPAGAT,LS ( LUNGES ) 
MOVILIDAD,SPAGAT ,LOWER ANTERIOR,SPAGAT FULL SPLIT ,SPAGAT FULL SPLIT,,,spartan,5,2,SPAGAT,LS ( LUNGES ) 
MOVILIDAD,SPAGAT ,LOWER ANTERIOR,GENTLEMAN ,GENTLEMAN ,,,alfa,1,2,SPAGAT,LS ( LUNGES ) 
MOVILIDAD,SPAGAT ,LOWER ANTERIOR,GENTLEMAN TO PLEGADO,GENTLEMAN TO PLEGADO,,,delta,2,2,SPAGAT,LS ( LUNGES ) 
,,,DEEP LUNGE HEEL UP ,DEEP LUNGE HEEL UP ,,,alfa,1,2,SPAGAT,LS ( LUNGES ) 
,,,DEEP LUNGE HEEL UP W,DEEP LUNGE HEEL UP W,,,delta,2,2,SPAGAT,LS ( LUNGES ) 
FLOW,CORE,FULL BODY ,BIRD DOG KNEE ,BIRD DOG KNEE,,,alfa,1,1,AF,
FLOW,CORE,FULL BODY ,DEAD BUG ASIM ,DEAD BUG ASIM,,,alfa,1,1,AF,
FLOW,CORE,FULL BODY ,CRAB POSITION  ,CRAB POSITION ,,,alfa,1,1,AF,
FLOW,CORE,FULL BODY ,BEAST POSITION  ,BEAST POSITION ,,,alfa,1,2,AF,
FLOW,CORE,FULL BODY ,BEAST   ,BEAST  ,,ISO.,alfa,1,2,AF,
FLOW,CORE,FULL BODY ,BEAST S TOUCH  ,BEAST S TOUCH ,,,alfa,1,2,AF,
FLOW,CORE,CORE ANTERIOR,DEAD BUG SIM ,DEAD BUG SIM,,,alfa,1,2,AF,
FLOW,DESPLAZAMIENTO ,LOWER,BIG FOOT WALK  ,BIG FOOT WALK ,,,alfa,1,2,AF,
FLOW,MOVILIDAD ,LOWER ,PRIMATE POSITION  ,PRIMATE POSITION ,,,alfa,1,2,AF,
FLOW,MOVILIDAD ,LOWER,PRIMATE SIDEWAYS ,PRIMATE SIDEWAYS,,,alfa,1,2,AF,
FLOW,CORE,CORE POSTERIOR,BRIDGE BACK TOUCH ,BRIDGE BACK TOUCH,,,alfa,1,2,AF,
FLOW,CORE ,FULL BODY ,ACT CRAB  ,ACT CRAB ,,,alfa,1,3,AF,
FLOW,CORE ,FULL BODY ,ACT BEAST ,ACT BEAST,,,alfa,1,3,AF,
FLOW,DESPLAZAMIENTO ,FULL BODY ,BEAR WALK  ,BEAR WALK ,,,alfa,1,3,AF,
FLOW,DESPLAZAMIENTO ,CORE ANTERIOR,BEAST WALK  ,BEAST WALK ,,,alfa,1,3,AF,
FLOW,DESPLAZAMIENTO ,CORE POSTERIOR,CRAB WALK  ,CRAB WALK ,,,alfa,1,3,AF,
FLOW,CORE ,FULL BODY ,BEAST BIRD DOG ,BEAST BIRD DOG,,,delta,2,1,AF,
FLOW,DESPLAZAMIENTO ,FULL BODY ,BEAST SIDE WALK  ,BEAST SIDE WALK ,,,delta,2,1,AF,
FLOW,MOVILIDAD ,CORE POSTERIOR,CRAB REACH  ,CRAB REACH ,,,delta,2,1,AF,
FLOW,MOVILIDAD ,CORE,WAVE UNLOAD ,WAVE UNLOAD,,,delta,2,1,AF,
FLOW,MOVILIDAD ,CORE,SCORPION REACH ,SCORPION REACH,,,delta,2,2,AF,
FLOW,CARDIO,FULL BODY ,CRAB TOE TOUCH ,CRAB TOE TOUCH,,,delta,2,2,AF,
FLOW,DESPLAZAMIENTO ,FULL BODY ,CRAB ROTATION  ,CRAB ROTATION ,,,delta,2,2,AF,
FLOW,CARDIO,CORE ANTERIOR,BEAST SIDE KICK  ,BEAST SIDE KICK ,,,delta,2,2,AF,
FLOW,DESPLAZAMIENTO ,FULL BODY ,MONKEY  ,MONKEY ,,,delta,2,2,AF,
FLOW,DESPLAZAMIENTO ,FULL BODY ,SIDE MONKEY  ,SIDE MONKEY ,,,delta,2,2,AF,
FLOW,CARDIO,LOWER POSTERIOR,EXPLISVE CRAB  ,EXPLISVE CRAB ,,,delta,2,2,AF,
FLOW,CARDIO,LOWER,BUNNY HOPS  ,BUNNY HOPS ,,,delta,2,2,AF,
FLOW,CARDIO,LOWER,FROGGER  ,FROGGER ,,,delta,2,2,AF,
FLOW,DESPLAZAMIENTO ,UPPER ,LIZARD CRAWL ,LIZARD CRAWL,,,delta,2,2,AF,
FLOW,CARDIO,UPPER ,SPIDER JUMP  ,SPIDER JUMP ,,,delta,2,3,AF,
FLOW,CARDIO,LOWER,FLEA HOPS ,FLEA HOPS,,,delta,2,3,AF,
FLOW,MOVILIDAD ,LOWER ,MONKEY TO APE REACH ,MONKEY TO APE REACH,,,delta,2,3,AF,
FLOW,CARDIO,FULL BODY ,FRONT KICK  ,FRONT KICK ,,,delta,2,3,AF,
FLOW,DESPLAZAMIENTO ,FULL BODY ,SIDE MACACO  ,SIDE MACACO ,,,delta,2,3,AF,
FLOW,DESPLAZAMIENTO ,LOWER,UBER MONKEY  ,UBER MONKEY ,,,delta,2,3,AF,
FLOW,DESPLAZAMIENTO ,LOWER,UBER KONG  ,UBER KONG ,,,delta,2,3,AF,
FLOW,DESPLAZAMIENTO ,FULL BODY ,MONKEY TWIST 180  ,MONKEY TWIST 180 ,,,delta,2,3,AF,
FLOW,DESPLAZAMIENTO ,LOWER,DUCK WALK  ,DUCK WALK ,,,delta,2,3,AF,
FLOW,MOVILIDAD ,LOWER POSTERIOR,ELEPHANT WALK  ,ELEPHANT WALK ,,,delta,2,3,AF,
FLOW,ESTABILIDAD,UPPER PUSH,FROG 1/1  ,FROG 1/1 ,,,sigma,3,1,AF,
FLOW,ESTABILIDAD,UPPER PUSH,CROW 1/1  ,CROW 1/1 ,,,sigma,3,1,AF,
FLOW,DESPLAZAMIENTO ,FULL BODY ,CONEJITO WALK  ,CONEJITO WALK ,,,sigma,3,1,AF,
FLOW,DESPLAZAMIENTO ,FULL BODY ,GORILLA WALK  ,GORILLA WALK ,,,sigma,3,2,AF,
FLOW,DESPLAZAMIENTO ,UPPER ,LIZARD WALK ,LIZARD WALK,,,sigma,3,2,AF,
FLOW,CARDIO,FULL BODY ,CONEJITO  ,CONEJITO ,,,sigma,3,2,AF,
FLOW,MOVILIDAD ,FULL BODY ,SCORPION REACH COMPLETO  ,SCORPION REACH COMPLETO ,,,sigma,3,2,AF,
FLOW,ESTABILIDAD ,UPPER PUSH,FLYING CROW ,FLYING CROW,,,sigma,3,2,AF,
FLOW,CARDIO,FULL BODY ,FROGGER TO F. KICK  ,FROGGER TO F. KICK ,,,sigma,3,2,AF,
FLOW,DESPLAZAMIENTO ,FULL BODY ,FORWARD APE  ,FORWARD APE ,,,sigma,3,2,AF,
FLOW,DESPLAZAMIENTO ,LOWER,GOOSE WALK  ,GOOSE WALK ,,,sigma,3,2,AF,
FLOW,DESPLAZAMIENTO ,LOWER,COSSACK WALK  ,COSSACK WALK ,,,sigma,3,2,AF,
FLOW,UPPER ,UPPER PUSH,TIGGER BENT  ,TIGGER BENT ,,,sigma,3,2,AF,
FLOW,UPPER ,UPPER PUSH,LION PU ,LION PU,,,sigma,3,2,AF,
FLOW,CARDIO,FULL BODY ,SIDE KICK TO SCORPION ,SIDE KICK TO SCORPION,,,omega,4,1,AF,
FLOW,CARDIO,FULL BODY ,SIDE KICK TO CONEJITO ,SIDE KICK TO CONEJITO,,,omega,4,1,AF,
FLOW,CARDIO,FULL BODY ,BEAST TOE TOUCH  ,BEAST TOE TOUCH ,,,omega,4,1,AF,
FLOW,DESPLAZAMIENTO ,LOWER,GOOSE WALK W  ,GOOSE WALK W ,,,omega,4,1,AF,
FLOW,DESPLAZAMIENTO ,LOWER,COSSACK WALK W ,COSSACK WALK W,,,omega,4,1,AF,
FLOW,CARDIO,FULL BODY ,FROGGER TO CROW  ,FROGGER TO CROW ,,,omega,4,1,AF,
FLOW,CARDIO,FULL BODY ,S.K. TO ARM TOUCH ,S.K. TO ARM TOUCH,,,omega,4,1,AF,
FLOW,CARDIO,UPPER,PU TO CROW ,PU TO CROW,,,omega,4,1,AF,
FLOW,CARDIO,UPPER,FLYING CROW TO PU  ,FLYING CROW TO PU ,,,omega,4,1,AF,
PUSH,PUSH VERTICAL,PUSH VERTICAL (STRAIGHT ARM) ,KNEE PIKE BOX  ,KNEE PIKE BOX ,,ISO.,alfa,1,1,HS,
PUSH,PUSH VERTICAL,PUSH VERTICAL (STRAIGHT ARM) ,TRIPOD POSITIONING ,TRIPOD POSITIONING,,,alfa,1,1,HS,
PUSH,PUSH VERTICAL,PUSH VERTICAL (STRAIGHT ARM) ,PIKE BOX ,PIKE BOX,,ISO.,alfa,1,2,HS,
PUSH,PUSH VERTICAL,PUSH VERTICAL (STRAIGHT ARM) ,TRIPOD  ,TRIPOD ,,,alfa,1,2,HS,
PUSH,PUSH VERTICAL,PUSH VERTICAL (STRAIGHT ARM) ,CONEJITO ,CONEJITO,,,alfa,1,3,HS,
PUSH,PUSH VERTICAL,PUSH VERTICAL (STRAIGHT ARM) ,HS KICK  ,HS KICK ,,,alfa,1,3,HS,
PUSH,PUSH VERTICAL,PUSH VERTICAL (STRAIGHT ARM) ,45 WALL HS  ,45 WALL HS ,,ISO.,alfa,1,3,HS,
PUSH,PUSH VERTICAL,PUSH VERTICAL (STRAIGHT ARM) ,HEADSTAND ,HEADSTAND,,,alfa,1,3,HS,
PUSH,PUSH VERTICAL,PUSH VERTICAL (STRAIGHT ARM) ,FOREARM HEADSTAND ,FOREARM HEADSTAND,,,alfa,1,3,HS,
PUSH,PUSH VERTICAL,PUSH VERTICAL (STRAIGHT ARM) ,PLANK PRESS ,PLANK PRESS,,,alfa,1,3,HS,
PUSH,PUSH VERTICAL,PUSH VERTICAL (STRAIGHT ARM) ,TIP TOE PRESS ,TIP TOE PRESS,,,delta,2,1,HS,
PUSH,PUSH VERTICAL,PUSH VERTICAL (STRAIGHT ARM) ,CONEJITO TO WALL BELLY ,CONEJITO TO WALL BELLY,,,delta,2,1,HS,
PUSH,PUSH VERTICAL,PUSH VERTICAL (STRAIGHT ARM) ,WALL BELLY HS ,WALL BELLY HS,,,delta,2,1,HS,
PUSH,PUSH VERTICAL,PUSH VERTICAL (STRAIGHT ARM) ,HS KICK TO WALL BACK ,HS KICK TO WALL BACK,,,delta,2,1,HS,
PUSH,PUSH VERTICAL,PUSH VERTICAL (STRAIGHT ARM) ,WALL BELLY HS JACKS ,WALL BELLY HS JACKS,,,delta,2,1,HS,
PUSH,PUSH VERTICAL,PUSH VERTICAL (STRAIGHT ARM) ,WALL BELLY HS SCISSORS ,WALL BELLY HS SCISSORS,,,delta,2,1,HS,
PUSH,PUSH VERTICAL,PUSH VERTICAL (STRAIGHT ARM) ,WALL BELLY HS SHRUGS ,WALL BELLY HS SHRUGS,,,delta,2,1,HS,
PUSH,PUSH VERTICAL,PUSH VERTICAL (STRAIGHT ARM) ,HS WALL TAPS ,HS WALL TAPS,,,delta,2,2,HS,
PUSH,PUSH VERTICAL,PUSH VERTICAL (STRAIGHT ARM) ,WALL BACK HS  ,WALL BACK HS ,,ISO.,delta,2,2,HS,
PUSH,PUSH VERTICAL,PUSH VERTICAL (STRAIGHT ARM) ,WALL BACK HS SCISSORS ,WALL BACK HS SCISSORS,,,delta,2,2,HS,
PUSH,PUSH VERTICAL,PUSH VERTICAL (STRAIGHT ARM) ,WRIST WALL BELLY HS ,WRIST WALL BELLY HS,,,delta,2,2,HS,
PUSH,PUSH VERTICAL,PUSH VERTICAL (STRAIGHT ARM) ,PARTIAL WALL HS ,PARTIAL WALL HS,,,delta,2,3,HS,
PUSH,PUSH VERTICAL,PUSH VERTICAL (STRAIGHT ARM) ,FOREARM HS ,FOREARM HS,,,delta,2,3,HS,
PUSH,PUSH VERTICAL,PUSH VERTICAL (STRAIGHT ARM) ,PARTIAL WALL PIKE PRESS  ,PARTIAL WALL PIKE PRESS ,,,delta,2,3,HS,
PUSH,PUSH VERTICAL,PUSH VERTICAL (STRAIGHT ARM) ,WALL WALK ,WALL WALK,,,delta,2,3,HS,
PUSH,PUSH VERTICAL,PUSH VERTICAL (STRAIGHT ARM) ,WALL HS SINGLE LEG TUCK ,WALL HS SINGLE LEG TUCK,,,delta,2,3,HS,
PUSH,PUSH VERTICAL,PUSH VERTICAL (STRAIGHT ARM) ,WALL HS DOUBE LEG TUCK ,WALL HS DOUBE LEG TUCK,,,delta,2,3,HS,
PUSH,PUSH VERTICAL,PUSH VERTICAL (STRAIGHT ARM) ,FREE HS ,FREE HS,,ISO.,sigma,3,1,HS,
PUSH,PUSH VERTICAL,PUSH VERTICAL (STRAIGHT ARM) ,FREE HS STR ,FREE HS STR,,ISO.,sigma,3,1,HS,
PUSH,PUSH VERTICAL,PUSH VERTICAL (STRAIGHT ARM) ,KICK TO FREE HS  ,KICK TO FREE HS ,,,sigma,3,1,HS,
PUSH,PUSH VERTICAL,PUSH VERTICAL (STRAIGHT ARM) ,CONEJITO TO FREE HS  ,CONEJITO TO FREE HS ,,,sigma,3,1,HS,
PUSH,PUSH VERTICAL,PUSH VERTICAL (STRAIGHT ARM) ,FREE HS PBARS ,FREE HS PBARS,,,sigma,3,1,HS,
PUSH,PUSH VERTICAL,PUSH VERTICAL (STRAIGHT ARM) ,OA WALL HS ,OA WALL HS,,,sigma,3,1,HS,
PUSH,PUSH VERTICAL,PUSH VERTICAL (STRAIGHT ARM) ,FREE HS SINGLE LEG TUCK  ,FREE HS SINGLE LEG TUCK ,,,sigma,3,2,HS,
PUSH,PUSH VERTICAL,PUSH VERTICAL (STRAIGHT ARM) ,FREE HS DOUBLE LEG TUCK  ,FREE HS DOUBLE LEG TUCK ,,,sigma,3,2,HS,
PUSH,PUSH VERTICAL,PUSH VERTICAL (STRAIGHT ARM) ,WALL REAR HOLLOW HS ,WALL REAR HOLLOW HS,,,sigma,3,2,HS,
PUSH,PUSH VERTICAL,PUSH VERTICAL (STRAIGHT ARM) ,FREE HS TAPS ,FREE HS TAPS,,,omega,4,1,HS,
PUSH,PUSH VERTICAL,PUSH VERTICAL (STRAIGHT ARM) ,FREE HS 1/4 TURNS ,FREE HS 1/4 TURNS,,,omega,4,1,HS,
PUSH,PUSH VERTICAL,PUSH VERTICAL (STRAIGHT ARM) ,FREE HS WALK ,FREE HS WALK,,,omega,4,1,HS,
PUSH,PUSH VERTICAL,PUSH VERTICAL (STRAIGHT ARM) ,FREE HS JUMP ,FREE HS JUMP,,,omega,4,1,HS,
PUSH,PUSH VERTICAL,PUSH VERTICAL (STRAIGHT ARM) ,OA FREE HS 5 FINGERS ,OA FREE HS 5 FINGERS,,,omega,4,2,HS,
PUSH,PUSH VERTICAL,PUSH VERTICAL (STRAIGHT ARM) ,OA FREE HS 3 FINGERS ,OA FREE HS 3 FINGERS,,,spartan,5,1,HS,
PUSH,PUSH VERTICAL,PUSH VERTICAL (STRAIGHT ARM) ,OA FREE HS 1 FINGER ,OA FREE HS 1 FINGER,,,spartan,5,2,HS,
PUSH,PUSH VERTICAL,PUSH VERTICAL (STRAIGHT ARM) ,WALL PRESS OA FREE HS ,WALL PRESS OA FREE HS,,,spartan,5,2,HS,
CARDIO,PLYO,LOWER,WALL SKIPPING  ,WALL SKIPPING ,,,alfa,1,1,,
CARDIO,PLYO ,LOWER,SKIPPING  ,SKIPPING ,,,alfa,1,1,,
CARDIO,PLYO,LOWER,BUT KICKS ,BUT KICKS,,,alfa,1,1,,
CARDIO,PLYO,CORE,MOUNTAIN CLIMBER  ,MOUNTAIN CLIMBER ,,,alfa,1,1,,
CARDIO,COORDINATIVO,LOWER,STEP TOUCH  ,STEP TOUCH ,,,alfa,1,2,,
CARDIO,PLYO ,LOWER,SCISSOR  ,SCISSOR ,,,alfa,1,2,,
CARDIO,COORDINATIVO,SQUAT,SQ SQUARE WALK ,SQ SQUARE WALK,,,alfa,1,2,,
CARDIO,PLYO ,LOWER,JUMPING JACK  ,JUMPING JACK ,,,alfa,1,2,,
CARDIO,COORDINATIVO,LOWER,JUMPING JACK CRISS CROSS ,JUMPING JACK CRISS CROSS,,,alfa,1,2,,
CARDIO,PLYO,CORE,MC CROSSED  ,MC CROSSED ,,,alfa,1,2,,
CARDIO,PLYO,SQUAT,POP SQUAT  ,POP SQUAT ,,,alfa,1,3,,
CARDIO,PLYO,LOWER,SPEED SKATER  ,SPEED SKATER ,,,alfa,1,3,,
CARDIO,PLYO,LOWER,POGO JUMP  ,POGO JUMP ,,,alfa,1,3,,
CARDIO,LUNGE ,LOWER,BACK LUNGE KICK ,BACK LUNGE KICK,,,alfa,1,3,,
CARDIO,PLYO,CORE,MC SEMICIRCLE ,MC SEMICIRCLE,,,alfa,1,3,,
CARDIO,PLYO,LOWER,SKATER JUMP ,SKATER JUMP,,,delta,2,1,,
CARDIO,PLYO ,SQUAT,BORROWER SQ ,BORROWER SQ,,,delta,2,2,,
CARDIO,PLYO ,CORE,MC SWITCH  ,MC SWITCH ,,,delta,2,2,,
CARDIO,PLYO,CORE,MC SIDE TO SIDE ,MC SIDE TO SIDE,,,delta,2,2,,
CARDIO,PLYO,LOWER,SQ SKIPPING  ,SQ SKIPPING ,,,delta,2,2,,
CARDIO,PLYO,CORE,PLANK SKIER ,PLANK SKIER,,,delta,2,2,,
CARDIO,PLYO,SQUAT,SQ JACK  ,SQ JACK ,,,delta,2,2,,
CARDIO,COORDINATIVO ,SQUAT,SQ STEP TOUCH  ,SQ STEP TOUCH ,,,delta,2,2,,
CARDIO,PLYO,LOWER,POGO JUMP SIDE TO SIDE ,POGO JUMP SIDE TO SIDE,,,delta,2,2,,
CARDIO,PLYO ,CORE,UNDER SWITCH  ,UNDER SWITCH ,,,delta,2,2,,
CARDIO,PLYO ,CORE,PLANK JACK  ,PLANK JACK ,,,delta,2,2,,
CARDIO,COORDINATIVO,SQUAT,SQ SIDE TOUCH  ,SQ SIDE TOUCH ,,,delta,2,2,,
CARDIO,PLYO,FULL BODY ,1/2 BURPEE  ,1/2 BURPEE ,,,delta,2,2,,
CARDIO,PLYO,SQUAT,SNOWBOARD SQ  ,SNOWBOARD SQ ,,,delta,2,3,,
CARDIO,PLYO,LOWER,POGO JUMP W ,POGO JUMP W,,,delta,2,3,,
CARDIO,PLYO ,UPPER,CATERPILLAR PU ,CATERPILLAR PU,,,delta,2,3,,
CARDIO,PLYO,FULL BODY ,1/2 BURPEE CARPA ,1/2 BURPEE CARPA,,,delta,2,3,,
CARDIO,COORDINATIVO,FULL BODY ,INCHWORM BURPEE ,INCHWORM BURPEE,,,delta,2,3,,
CARDIO,COORDINATIVO ,FULL BODY ,BURPEE COMPLETO ,BURPEE COMPLETO,,,sigma,3,1,,
CARDIO,PLYO,LOWER,POGO JUMP O.L  ,POGO JUMP O.L ,,,sigma,3,1,,
CARDIO,COORDINATIVO ,FULL BODY ,BURPEE SIDE TO SIDE ,BURPEE SIDE TO SIDE,,,sigma,3,2,,
CARDIO,COORDINATIVO,FULL BODY ,SKATER TO BURPEE ,SKATER TO BURPEE,,,sigma,3,2,,
CARDIO,COORDINATIVO,FULL BODY ,REVERSE TO BURPEE ,REVERSE TO BURPEE,,,sigma,3,2,,
CARDIO,COORDINATIVO,FULL BODY ,BURPEE TO LIZARD  ,BURPEE TO LIZARD ,,,sigma,3,2,,
CARDIO,COORDINATIVO,FULL BODY ,BURPEE O.A  ,BURPEE O.A ,,,sigma,3,2,,
CARDIO,PLYO ,LOWER,BOX SIDE TO SIDE JUMP  ,BOX SIDE TO SIDE JUMP ,,,sigma,3,2,,
CARDIO,PLYO,FULL BODY ,BURPEE BOX JUMP  ,BURPEE BOX JUMP ,,,omega,4,1,,
CARDIO,PLYO,UPPER,CATERPILLAR PU JUMP ,CATERPILLAR PU JUMP,,,omega,4,1,,
KL,CARDIO,LOWER POSTERIOR,SWING KETLEBELL  ,SWING KETLEBELL ,,,alfa,1,1,,
KL,ESTABILIDAD,CORE,AROUND THE BODY  ,AROUND THE BODY ,,,alfa,1,1,,
KL,CARDIO,FULL BODY ,ATLAS SWING  ,ATLAS SWING ,,,alfa,1,2,,
KL,PUSH VERTICAL,PUSH VERTICAL ,KETTLEBELL PRESS UP  ,KETTLEBELL PRESS UP ,,,alfa,1,2,,
KL,CARDIO,CORE,CROSS SWING KL ,CROSS SWING KL,,,delta,2,1,,
KL,CARDIO,FULL BODY ,SWING O.A  ,SWING O.A ,,,delta,2,1,,
KL,POTENCIA ,FULL BODY ,SNATCH SQ ,SNATCH SQ,,,delta,2,2,,
KL,CARDIO,FULL BODY ,SIDE SWING TO SQ ,SIDE SWING TO SQ,,,delta,2,2,,
KL,CARDIO,FULL BODY ,WAITER CLEAN  ,WAITER CLEAN ,,,delta,2,2,,
KL,CARDIO,CORE,SIDE SWING  ,SIDE SWING ,,,delta,2,2,,
KL,CARDIO,FULL BODY ,SWING TOUCH FLOOR ,SWING TOUCH FLOOR,,,delta,2,2,,
KL,POTENCIA ,FULL BODY ,POWER SNATCH PRESS ,POWER SNATCH PRESS,,,delta,2,3,,
KL,PLYO,LOWER,KL SWING JUMP ,KL SWING JUMP,,,delta,2,3,,
KL,POTENCIA ,LUNGES,SNATCH LUNGE ,SNATCH LUNGE,,,delta,2,3,,
KL,POTENCIA ,FULL BODY ,CLEAN/JERK O.A ,CLEAN/JERK O.A,,,delta,2,3,,
KL,PLYO,LOWER,SWING 180° ,SWING 180°,,,sigma,3,1,,
KL,CARDIO ,LUNGES,CROSS SWING TO LS  ,CROSS SWING TO LS ,,,sigma,3,1,,
KL,CARDIO,DQ,WAITER CLEAN TO DQ  ,WAITER CLEAN TO DQ ,,,sigma,3,2,,
KL,POTENCIA ,CORE,SNATCH TOUCH FLOOR  ,SNATCH TOUCH FLOOR ,,,omega,4,1,,
PLYO,,,SEIZA TO GENTLEMAN  ,SEIZA TO GENTLEMAN ,,,alfa,1,1,,
PLYO,,,STEP DOWN REBOUND  ,STEP DOWN REBOUND ,,,alfa,1,1,,
PLYO,,,CALF JUMP  ,CALF JUMP ,,,alfa,1,1,,
PLYO,,,JUMP PRE ,JUMP PRE,,,alfa,1,2,,
PLYO,,,REACTIVE SQ ON BOX ,REACTIVE SQ ON BOX,,,alfa,1,2,,
PLYO,,,REACTIVE HT  ,REACTIVE HT ,,,alfa,1,2,,
PLYO,,,CALF JUMP WALL  ,CALF JUMP WALL ,,,alfa,1,2,,
PLYO,,, SQ TO JUMP  , SQ TO JUMP ,,EXC.,alfa,1,2,,
PLYO,,,PIKE REBOUND  ,PIKE REBOUND ,,,alfa,1,3,,
PLYO,,,DEADLIFT  TO JUMP  ,DEADLIFT  TO JUMP ,,EXC.,alfa,1,3,,
PLYO,,,SKIPPING 2/2 ,SKIPPING 2/2,,,alfa,1,3,,
PLYO,,,LONG JUMP PRE ,LONG JUMP PRE,,,delta,2,1,,
PLYO,,,CALF JUMP WALL O.L  ,CALF JUMP WALL O.L ,,,delta,2,1,,
PLYO,,,POP LUNGE  ,POP LUNGE ,,,delta,2,1,,
PLYO,,,CALF JUMP O.L  ,CALF JUMP O.L ,,,delta,2,1,,
PLYO,,,DROP JUMP  ,DROP JUMP ,,,delta,2,2,,
PLYO,,,BOX DROP TO SQ ,BOX DROP TO SQ,,,delta,2,2,,
PLYO,,,BOX JUMP STIK  ,BOX JUMP STIK ,,,delta,2,2,,
PLYO,,,PIKE REBOUND O.L  ,PIKE REBOUND O.L ,,,delta,2,2,,
PLYO,,,REACTIVE SQ JUMP BOX ,REACTIVE SQ JUMP BOX,,,delta,2,2,,
PLYO,,,REACTIVE HT O.L  ,REACTIVE HT O.L ,,,delta,2,2,,
PLYO,,,DEADLIFT  O.L TO JUMP  ,DEADLIFT  O.L TO JUMP ,,EXC.,delta,2,2,,
PLYO,,,BULGARIAN REBOUND  ,BULGARIAN REBOUND ,,,delta,2,2,,
PLYO,,, SQ TO BOX JUMP  , SQ TO BOX JUMP ,,EXC.,delta,2,2,,
PLYO,,,SEIZA TO SQ JUMP  ,SEIZA TO SQ JUMP ,,,delta,2,3,,
PLYO,,,DEADLIFT TO LONG JUMP  ,DEADLIFT TO LONG JUMP ,,,delta,2,3,,
PLYO,,,SEIZA SQ TO SKATER  ,SEIZA SQ TO SKATER ,,,sigma,3,1,,
PLYO,,,JUMP BOX O.L  ,JUMP BOX O.L ,,,sigma,3,2,,
PLYO,,,LONG JUMP O.L  ,LONG JUMP O.L ,,,sigma,3,2,,
PLYO,,,SEIZA TO SQ O.L ,SEIZA TO SQ O.L,,,sigma,3,2,,
PLYO,,,REACTIVE SQ JUMP WALL  ,REACTIVE SQ JUMP WALL ,,,sigma,3,2,,
PLYO,,,REACTIVE HT W ,REACTIVE HT W,,,sigma,3,2,,
PLYO,,,DEADLIFT O.L TO LONG JUMP ,DEADLIFT O.L TO LONG JUMP,,,sigma,3,2,,
PLYO,,,BULGARIAN REBOUND SIDE TO SIDE ,BULGARIAN REBOUND SIDE TO SIDE,,,sigma,3,2,,
PLYO,,,DROP JUMP O.L  ,DROP JUMP O.L ,,,omega,4,1,,
PLYO,,,SEIZA TO PS  ,SEIZA TO PS ,,,omega,4,1,,
LOWER,KNEE DOMINANT,QUADS,PS PULSE W ,PS PULSE W,,,omega,4,1,PS,
LOWER,KNEE DOMINANT,QUADS,PS PULSE ,PS PULSE,,,sigma,3,2,PS,
LOWER,KNEE DOMINANT,QUADS,PS TEMPO W ,PS TEMPO W,,,omega,4,1,PS,
LOWER,HIP DOMINANT,ISQUIOS,HT OL RING ,HT OL RING,,,omega,4,2,HT,
LOWER,HIP DOMINANT,ISQUIOS,HT SLIDE OL RING ,HT SLIDE OL RING,,,omega,4,1,HT,
LOWER,HIP DOMINANT,ISQUIOS,HT SLIDE OL RING W ,HT SLIDE OL RING W,,,omega,4,2,HT,
LOWER,HIP DOMINANT,ISQUIOS,HT EXP OL ,HT EXP OL,,,omega,4,1,HT,
LOWER,HIP DOMINANT,ISQUIOS,DEADLIFT PULSE OL W ,DEADLIFT PULSE OL W,,,omega,4,1,NC,
LOWER,HIP DOMINANT,ISQUIOS,DEADLIFT TO CLEAN ,DEADLIFT TO CLEAN,,,omega,4,1,NC,
LOWER,HIP DOMINANT,ISQUIOS,DEADLIFT TO CLEAN W ,DEADLIFT TO CLEAN W,,,omega,4,2,NC,
LOWER,HIP DOMINANT,GLUTES,SEIZA UP AND DOWN ,SEIZA UP AND DOWN,,,alfa,1,1,QC,
FLOW,HIP DOMINANT,ISQUIOS,ELEPHANT WALK ,ELEPHANT WALK,,,alfa,1,3,NC,
LOWER,HIP DOMINANT,ISQUIOS,NC BENT FR ,NC BENT FR,,,delta,2,3,NC,
LOWER,HIP DOMINANT,ISQUIOS,NC BENT TO EXTENSION ,NC BENT TO EXTENSION,,,omega,4,1,NC,
LOWER,HIP DOMINANT,ISQUIOS,NC BENT TO EXT W ,NC BENT TO EXT W,,,omega,4,2,NC,
LOWER,HIP DOMINANT,ISQUIOS,HT REACH RING OL ,HT REACH RING OL,,,sigma,3,2,HT,
LOWER,HIP DOMINANT,ISQUIOS,HT RING ,HT RING,,,delta,2,2,HT,
LOWER,HIP DOMINANT,ISQUIOS,HT RING W ,HT RING W,,,delta,2,3,HT,
LOWER,HIP DOMINANT,ISQUIOS,HT RING OL ,HT RING OL,,,sigma,3,1,HT,
LOWER,HIP DOMINANT,ISQUIOS,HT RING OL W ,HT RING OL W,,,sigma,3,2,HT,
LOWER,HIP DOMINANT,ISQUIOS,HT EXP OL W ,HT EXP OL W,,,sigma,3,1,HT,
LOWER,HIP DOMINANT,ISQUIOS,DEADLIFT RAISED TOES ,DEADLIFT RAISED TOES,,,sigma,3,1,HT,
LOWER,HIP DOMINANT,ISQUIOS,DEADLIFT RAISED TOES OL ,DEADLIFT RAISED TOES OL,,,sigma,3,2,HT,
LOWER,HIP DOMINANT,ISQUIOS,HORSE STANCE ,HORSE STANCE,,,delta,2,2,NC,
LOWER,HIP DOMINANT,ISQUIOS,HORSE STANCE GM ,HORSE STANCE GM,,,delta,2,3,NC,
LOWER,HIP DOMINANT,ISQUIOS,HORSE STANCE W ,HORSE STANCE W,,,sigma,3,1,NC,
LOWER,HIP DOMINANT,ISQUIOS,HORSE STANCE GM W ,HORSE STANCE GM W,,,sigma,3,2,NC,
LOWER,HIP DOMINANT,ISQUIOS,HORSE STANCE PULSE ,HORSE STANCE PULSE,,,delta,2,1,NC,
LOWER,HIP DOMINANT,ISQUIOS,GM W ,GM W,,,delta,2,3,NC,
LOWER,HIP DOMINANT,ISQUIOS,JEFFERSON TO DEEP SQ ,JEFFERSON TO DEEP SQ,,,delta,2,2,NC,
LOWER,HIP DOMINANT,ISQUIOS,DEEP SQ TO JEFFERSON ,DEEP SQ TO JEFFERSON,,,delta,2,3,NC,
LOWER,HIP DOMINANT,ISQUIOS,JEFFERSON OL ,JEFFERSON OL,,,sigma,3,1,NC,
LOWER,HIP DOMINANT,ISQUIOS,SLANTBOARD JEFFERSON ,SLANTBOARD JEFFERSON,,,sigma,3,2,NC,
LOWER,HIP DOMINANT,ISQUIOS,HT SIDE ,HT SIDE,,,delta,2,1,HT,
LOWER,HIP DOMINANT,ISQUIOS,HT SIDE W ,HT SIDE W,,,delta,2,2,HT,
LOWER,HIP DOMINANT,QUADS,SUMO SQ ,SUMO SQ,,,alfa,1,2,PS,
LOWER,HIP DOMINANT,QUADS,SUMO SQ W ,SUMO SQ W,,,alfa,1,3,PS,
LOWER,HIP DOMINANT,QUADS,SUMO SQ JUMP ,SUMO SQ JUMP,,,delta,2,1,PS,
LOWER,HIP DOMINANT,QUADS,SUMO SQ PULSE ,SUMO SQ PULSE,,,delta,2,2,PS,
LOWER,HIP DOMINANT,QUADS,SUMO SQ KNEE UP ,SUMO SQ KNEE UP,,,delta,2,1,PS,
LOWER,HIP DOMINANT,QUADS,QUAD ON BOX ,QUAD ON BOX,,,delta,2,2,QC,
LOWER,HIP DOMINANT,QUADS,QUAD ON BOX OL ,QUAD ON BOX OL,,,delta,2,3,QC,
LOWER,HIP DOMINANT,GLUTES,SEIZA UP AND DOWN W ,SEIZA UP AND DOWN W,,,delta,2,2,QC,
LOWER,HIP DOMINANT,GLUTES,SEIZA UP AND DOWN OL ,SEIZA UP AND DOWN OL,,,delta,2,3,QC,
